Command line invocation:
    /Applications/Xcode_16.4.app/Contents/Developer/usr/bin/xcodebuild test -project Office.xcodeproj -scheme Office -destination id=2911FD29-A09E-4A81-BEA7-99A616FB7FC8 -derivedDataPath build/dd

--- xcodebuild: WARNING: Using the first of multiple matching destinations:
{ platform:iOS Simulator, arch:arm64, id:2911FD29-A09E-4A81-BEA7-99A616FB7FC8, OS:26.2, name:iPhone 16 }
{ platform:iOS Simulator, arch:x86_64, id:2911FD29-A09E-4A81-BEA7-99A616FB7FC8, OS:26.2, name:iPhone 16 }
ComputePackagePrebuildTargetDependencyGraph

Prepare packages

CreateBuildRequest

SendProjectDescription

CreateBuildOperation

ComputeTargetDependencyGraph
note: Building targets in dependency order
note: Target dependency graph (2 targets)
    Target 'OfficeTests' in project 'Office'
        ➜ Explicit dependency on target 'Office' in project 'Office'
    Target 'Office' in project 'Office' (no dependencies)

GatherProvisioningInputs

CreateBuildDescription

ExecuteExternalTool /Applications/Xcode_16.4.app/Contents/Developer/usr/bin/actool --print-asset-tag-combinations --output-format xml1 /Users/runner/work/office/office/apps/ios/Office/Assets.xcassets

ExecuteExternalTool /Applications/Xcode_16.4.app/Contents/Developer/Toolchains/XcodeDefault.xctoolchain/usr/bin/swiftc --version

ExecuteExternalTool /Applications/Xcode_16.4.app/Contents/Developer/Toolchains/XcodeDefault.xctoolchain/usr/bin/clang -v -E -dM -isysroot /Applications/Xcode_16.4.app/Contents/Developer/Platforms/iPhoneSimulator.platform/Developer/SDKs/iPhoneSimulator18.5.sdk -x c -c /dev/null

ExecuteExternalTool /Applications/Xcode_16.4.app/Contents/Developer/Toolchains/XcodeDefault.xctoolchain/usr/bin/ld -version_details

ExecuteExternalTool /Applications/Xcode_16.4.app/Contents/Developer/usr/bin/actool --version --output-format xml1

Build description signature: c94393d1854e3676cba60a2fd8bdbbce
Build description path: /Users/runner/work/office/office/apps/ios/build/dd/Build/Intermediates.noindex/XCBuildData/c94393d1854e3676cba60a2fd8bdbbce.xcbuilddata
CreateBuildDirectory /Users/runner/work/office/office/apps/ios/build/dd/Build/Products
    cd /Users/runner/work/office/office/apps/ios/Office.xcodeproj
    builtin-create-build-directory /Users/runner/work/office/office/apps/ios/build/dd/Build/Products

CreateBuildDirectory /Users/runner/work/office/office/apps/ios/build/dd/Build/Intermediates.noindex
    cd /Users/runner/work/office/office/apps/ios/Office.xcodeproj
    builtin-create-build-directory /Users/runner/work/office/office/apps/ios/build/dd/Build/Intermediates.noindex

ClangStatCache /Applications/Xcode_16.4.app/Contents/Developer/Toolchains/XcodeDefault.xctoolchain/usr/bin/clang-stat-cache /Applications/Xcode_16.4.app/Contents/Developer/Platforms/iPhoneSimulator.platform/Developer/SDKs/iPhoneSimulator18.5.sdk /Users/runner/work/office/office/apps/ios/build/dd/SDKStatCaches.noindex/iphonesimulator18.5-22F76-96ae0914227b19deccb34b33ba7b5dea.sdkstatcache
    cd /Users/runner/work/office/office/apps/ios/Office.xcodeproj
    /Applications/Xcode_16.4.app/Contents/Developer/Toolchains/XcodeDefault.xctoolchain/usr/bin/clang-stat-cache /Applications/Xcode_16.4.app/Contents/Developer/Platforms/iPhoneSimulator.platform/Developer/SDKs/iPhoneSimulator18.5.sdk -o /Users/runner/work/office/office/apps/ios/build/dd/SDKStatCaches.noindex/iphonesimulator18.5-22F76-96ae0914227b19deccb34b33ba7b5dea.sdkstatcache

WriteAuxiliaryFile /Users/runner/work/office/office/apps/ios/build/dd/Build/Intermediates.noindex/Office.build/Debug-iphonesimulator/Office-06100768b012d20c500196570eac5965-VFS-iphonesimulator/all-product-headers.yaml
    cd /Users/runner/work/office/office/apps/ios/Office.xcodeproj
    write-file /Users/runner/work/office/office/apps/ios/build/dd/Build/Intermediates.noindex/Office.build/Debug-iphonesimulator/Office-06100768b012d20c500196570eac5965-VFS-iphonesimulator/all-product-headers.yaml

CreateBuildDirectory /Users/runner/work/office/office/apps/ios/build/dd/Build/Products/Debug-iphonesimulator
    cd /Users/runner/work/office/office/apps/ios/Office.xcodeproj
    builtin-create-build-directory /Users/runner/work/office/office/apps/ios/build/dd/Build/Products/Debug-iphonesimulator

CreateBuildDirectory /Users/runner/work/office/office/apps/ios/build/dd/Build/Intermediates.noindex/EagerLinkingTBDs/Debug-iphonesimulator
    cd /Users/runner/work/office/office/apps/ios/Office.xcodeproj
    builtin-create-build-directory /Users/runner/work/office/office/apps/ios/build/dd/Build/Intermediates.noindex/EagerLinkingTBDs/Debug-iphonesimulator

WriteAuxiliaryFile /Users/runner/work/office/office/apps/ios/build/dd/Build/Intermediates.noindex/Office.build/Debug-iphonesimulator/OfficeTests.build/OfficeTests.hmap (in target 'OfficeTests' from project 'Office')
    cd /Users/runner/work/office/office/apps/ios
    write-file /Users/runner/work/office/office/apps/ios/build/dd/Build/Intermediates.noindex/Office.build/Debug-iphonesimulator/OfficeTests.build/OfficeTests.hmap

WriteAuxiliaryFile /Users/runner/work/office/office/apps/ios/build/dd/Build/Intermediates.noindex/Office.build/Debug-iphonesimulator/OfficeTests.build/empty-OfficeTests.plist (in target 'OfficeTests' from project 'Office')
    cd /Users/runner/work/office/office/apps/ios
    write-file /Users/runner/work/office/office/apps/ios/build/dd/Build/Intermediates.noindex/Office.build/Debug-iphonesimulator/OfficeTests.build/empty-OfficeTests.plist

WriteAuxiliaryFile /Users/runner/work/office/office/apps/ios/build/dd/Build/Intermediates.noindex/Office.build/Debug-iphonesimulator/OfficeTests.build/OfficeTests.DependencyStaticMetadataFileList (in target 'OfficeTests' from project 'Office')
    cd /Users/runner/work/office/office/apps/ios
    write-file /Users/runner/work/office/office/apps/ios/build/dd/Build/Intermediates.noindex/Office.build/Debug-iphonesimulator/OfficeTests.build/OfficeTests.DependencyStaticMetadataFileList

WriteAuxiliaryFile /Users/runner/work/office/office/apps/ios/build/dd/Build/Intermediates.noindex/Office.build/Debug-iphonesimulator/OfficeTests.build/OfficeTests.DependencyMetadataFileList (in target 'OfficeTests' from project 'Office')
    cd /Users/runner/work/office/office/apps/ios
    write-file /Users/runner/work/office/office/apps/ios/build/dd/Build/Intermediates.noindex/Office.build/Debug-iphonesimulator/OfficeTests.build/OfficeTests.DependencyMetadataFileList

WriteAuxiliaryFile /Users/runner/work/office/office/apps/ios/build/dd/Build/Intermediates.noindex/Office.build/Debug-iphonesimulator/OfficeTests.build/OfficeTests-project-headers.hmap (in target 'OfficeTests' from project 'Office')
    cd /Users/runner/work/office/office/apps/ios
    write-file /Users/runner/work/office/office/apps/ios/build/dd/Build/Intermediates.noindex/Office.build/Debug-iphonesimulator/OfficeTests.build/OfficeTests-project-headers.hmap

WriteAuxiliaryFile /Users/runner/work/office/office/apps/ios/build/dd/Build/Intermediates.noindex/Office.build/Debug-iphonesimulator/OfficeTests.build/OfficeTests-own-target-headers.hmap (in target 'OfficeTests' from project 'Office')
    cd /Users/runner/work/office/office/apps/ios
    write-file /Users/runner/work/office/office/apps/ios/build/dd/Build/Intermediates.noindex/Office.build/Debug-iphonesimulator/OfficeTests.build/OfficeTests-own-target-headers.hmap

WriteAuxiliaryFile /Users/runner/work/office/office/apps/ios/build/dd/Build/Intermediates.noindex/Office.build/Debug-iphonesimulator/OfficeTests.build/OfficeTests-generated-files.hmap (in target 'OfficeTests' from project 'Office')
    cd /Users/runner/work/office/office/apps/ios
    write-file /Users/runner/work/office/office/apps/ios/build/dd/Build/Intermediates.noindex/Office.build/Debug-iphonesimulator/OfficeTests.build/OfficeTests-generated-files.hmap

WriteAuxiliaryFile /Users/runner/work/office/office/apps/ios/build/dd/Build/Intermediates.noindex/Office.build/Debug-iphonesimulator/OfficeTests.build/OfficeTests-all-target-headers.hmap (in target 'OfficeTests' from project 'Office')
    cd /Users/runner/work/office/office/apps/ios
    write-file /Users/runner/work/office/office/apps/ios/build/dd/Build/Intermediates.noindex/Office.build/Debug-iphonesimulator/OfficeTests.build/OfficeTests-all-target-headers.hmap

WriteAuxiliaryFile /Users/runner/work/office/office/apps/ios/build/dd/Build/Intermediates.noindex/Office.build/Debug-iphonesimulator/OfficeTests.build/OfficeTests-all-non-framework-target-headers.hmap (in target 'OfficeTests' from project 'Office')
    cd /Users/runner/work/office/office/apps/ios
    write-file /Users/runner/work/office/office/apps/ios/build/dd/Build/Intermediates.noindex/Office.build/Debug-iphonesimulator/OfficeTests.build/OfficeTests-all-non-framework-target-headers.hmap

WriteAuxiliaryFile /Users/runner/work/office/office/apps/ios/build/dd/Build/Intermediates.noindex/Office.build/Debug-iphonesimulator/OfficeTests.build/Objects-normal/arm64/OfficeTests_const_extract_protocols.json (in target 'OfficeTests' from project 'Office')
    cd /Users/runner/work/office/office/apps/ios
    write-file /Users/runner/work/office/office/apps/ios/build/dd/Build/Intermediates.noindex/Office.build/Debug-iphonesimulator/OfficeTests.build/Objects-normal/arm64/OfficeTests_const_extract_protocols.json

WriteAuxiliaryFile /Users/runner/work/office/office/apps/ios/build/dd/Build/Intermediates.noindex/Office.build/Debug-iphonesimulator/OfficeTests.build/Objects-normal/arm64/OfficeTests.SwiftFileList (in target 'OfficeTests' from project 'Office')
    cd /Users/runner/work/office/office/apps/ios
    write-file /Users/runner/work/office/office/apps/ios/build/dd/Build/Intermediates.noindex/Office.build/Debug-iphonesimulator/OfficeTests.build/Objects-normal/arm64/OfficeTests.SwiftFileList

WriteAuxiliaryFile /Users/runner/work/office/office/apps/ios/build/dd/Build/Intermediates.noindex/Office.build/Debug-iphonesimulator/OfficeTests.build/Objects-normal/arm64/OfficeTests.SwiftConstValuesFileList (in target 'OfficeTests' from project 'Office')
    cd /Users/runner/work/office/office/apps/ios
    write-file /Users/runner/work/office/office/apps/ios/build/dd/Build/Intermediates.noindex/Office.build/Debug-iphonesimulator/OfficeTests.build/Objects-normal/arm64/OfficeTests.SwiftConstValuesFileList

WriteAuxiliaryFile /Users/runner/work/office/office/apps/ios/build/dd/Build/Intermediates.noindex/Office.build/Debug-iphonesimulator/OfficeTests.build/Objects-normal/arm64/OfficeTests.LinkFileList (in target 'OfficeTests' from project 'Office')
    cd /Users/runner/work/office/office/apps/ios
    write-file /Users/runner/work/office/office/apps/ios/build/dd/Build/Intermediates.noindex/Office.build/Debug-iphonesimulator/OfficeTests.build/Objects-normal/arm64/OfficeTests.LinkFileList

WriteAuxiliaryFile /Users/runner/work/office/office/apps/ios/build/dd/Build/Intermediates.noindex/Office.build/Debug-iphonesimulator/OfficeTests.build/Objects-normal/arm64/OfficeTests-OutputFileMap.json (in target 'OfficeTests' from project 'Office')
    cd /Users/runner/work/office/office/apps/ios
    write-file /Users/runner/work/office/office/apps/ios/build/dd/Build/Intermediates.noindex/Office.build/Debug-iphonesimulator/OfficeTests.build/Objects-normal/arm64/OfficeTests-OutputFileMap.json

MkDir /Users/runner/work/office/office/apps/ios/build/dd/Build/Products/Debug-iphonesimulator/Office.app/PlugIns/OfficeTests.xctest (in target 'OfficeTests' from project 'Office')
    cd /Users/runner/work/office/office/apps/ios
    /bin/mkdir -p /Users/runner/work/office/office/apps/ios/build/dd/Build/Products/Debug-iphonesimulator/Office.app/PlugIns/OfficeTests.xctest

ProcessXCFramework /Users/runner/work/office/office/apps/ios/build/OfficeCore.xcframework /Users/runner/work/office/office/apps/ios/build/dd/Build/Products/Debug-iphonesimulator/liboffice_mobile.a ios simulator
    cd /Users/runner/work/office/office/apps/ios/Office.xcodeproj
    builtin-process-xcframework --xcframework /Users/runner/work/office/office/apps/ios/build/OfficeCore.xcframework --platform ios --environment simulator --target-path /Users/runner/work/office/office/apps/ios/build/dd/Build/Products/Debug-iphonesimulator

WriteAuxiliaryFile /Users/runner/work/office/office/apps/ios/build/dd/Build/Intermediates.noindex/Office.build/Debug-iphonesimulator/Office.build/Office.hmap (in target 'Office' from project 'Office')
    cd /Users/runner/work/office/office/apps/ios
    write-file /Users/runner/work/office/office/apps/ios/build/dd/Build/Intermediates.noindex/Office.build/Debug-iphonesimulator/Office.build/Office.hmap

WriteAuxiliaryFile /Users/runner/work/office/office/apps/ios/build/dd/Build/Intermediates.noindex/Office.build/Debug-iphonesimulator/Office.build/Office.DependencyStaticMetadataFileList (in target 'Office' from project 'Office')
    cd /Users/runner/work/office/office/apps/ios
    write-file /Users/runner/work/office/office/apps/ios/build/dd/Build/Intermediates.noindex/Office.build/Debug-iphonesimulator/Office.build/Office.DependencyStaticMetadataFileList

WriteAuxiliaryFile /Users/runner/work/office/office/apps/ios/build/dd/Build/Intermediates.noindex/Office.build/Debug-iphonesimulator/Office.build/Office.DependencyMetadataFileList (in target 'Office' from project 'Office')
    cd /Users/runner/work/office/office/apps/ios
    write-file /Users/runner/work/office/office/apps/ios/build/dd/Build/Intermediates.noindex/Office.build/Debug-iphonesimulator/Office.build/Office.DependencyMetadataFileList

WriteAuxiliaryFile /Users/runner/work/office/office/apps/ios/build/dd/Build/Intermediates.noindex/Office.build/Debug-iphonesimulator/Office.build/Office-project-headers.hmap (in target 'Office' from project 'Office')
    cd /Users/runner/work/office/office/apps/ios
    write-file /Users/runner/work/office/office/apps/ios/build/dd/Build/Intermediates.noindex/Office.build/Debug-iphonesimulator/Office.build/Office-project-headers.hmap

WriteAuxiliaryFile /Users/runner/work/office/office/apps/ios/build/dd/Build/Intermediates.noindex/Office.build/Debug-iphonesimulator/Office.build/Office-own-target-headers.hmap (in target 'Office' from project 'Office')
    cd /Users/runner/work/office/office/apps/ios
    write-file /Users/runner/work/office/office/apps/ios/build/dd/Build/Intermediates.noindex/Office.build/Debug-iphonesimulator/Office.build/Office-own-target-headers.hmap

WriteAuxiliaryFile /Users/runner/work/office/office/apps/ios/build/dd/Build/Intermediates.noindex/Office.build/Debug-iphonesimulator/Office.build/Office-generated-files.hmap (in target 'Office' from project 'Office')
    cd /Users/runner/work/office/office/apps/ios
    write-file /Users/runner/work/office/office/apps/ios/build/dd/Build/Intermediates.noindex/Office.build/Debug-iphonesimulator/Office.build/Office-generated-files.hmap

WriteAuxiliaryFile /Users/runner/work/office/office/apps/ios/build/dd/Build/Intermediates.noindex/Office.build/Debug-iphonesimulator/Office.build/Office-all-target-headers.hmap (in target 'Office' from project 'Office')
    cd /Users/runner/work/office/office/apps/ios
    write-file /Users/runner/work/office/office/apps/ios/build/dd/Build/Intermediates.noindex/Office.build/Debug-iphonesimulator/Office.build/Office-all-target-headers.hmap

WriteAuxiliaryFile /Users/runner/work/office/office/apps/ios/build/dd/Build/Intermediates.noindex/Office.build/Debug-iphonesimulator/Office.build/Office-all-non-framework-target-headers.hmap (in target 'Office' from project 'Office')
    cd /Users/runner/work/office/office/apps/ios
    write-file /Users/runner/work/office/office/apps/ios/build/dd/Build/Intermediates.noindex/Office.build/Debug-iphonesimulator/Office.build/Office-all-non-framework-target-headers.hmap

WriteAuxiliaryFile /Users/runner/work/office/office/apps/ios/build/dd/Build/Intermediates.noindex/Office.build/Debug-iphonesimulator/Office.build/Office-DebugDylibPath-normal-arm64.txt (in target 'Office' from project 'Office')
    cd /Users/runner/work/office/office/apps/ios
    write-file /Users/runner/work/office/office/apps/ios/build/dd/Build/Intermediates.noindex/Office.build/Debug-iphonesimulator/Office.build/Office-DebugDylibPath-normal-arm64.txt

WriteAuxiliaryFile /Users/runner/work/office/office/apps/ios/build/dd/Build/Intermediates.noindex/Office.build/Debug-iphonesimulator/Office.build/Office-DebugDylibInstallName-normal-arm64.txt (in target 'Office' from project 'Office')
    cd /Users/runner/work/office/office/apps/ios
    write-file /Users/runner/work/office/office/apps/ios/build/dd/Build/Intermediates.noindex/Office.build/Debug-iphonesimulator/Office.build/Office-DebugDylibInstallName-normal-arm64.txt

WriteAuxiliaryFile /Users/runner/work/office/office/apps/ios/build/dd/Build/Intermediates.noindex/Office.build/Debug-iphonesimulator/Office.build/Objects-normal/arm64/Office_const_extract_protocols.json (in target 'Office' from project 'Office')
    cd /Users/runner/work/office/office/apps/ios
    write-file /Users/runner/work/office/office/apps/ios/build/dd/Build/Intermediates.noindex/Office.build/Debug-iphonesimulator/Office.build/Objects-normal/arm64/Office_const_extract_protocols.json

WriteAuxiliaryFile /Users/runner/work/office/office/apps/ios/build/dd/Build/Intermediates.noindex/Office.build/Debug-iphonesimulator/Office.build/Objects-normal/arm64/Office.SwiftFileList (in target 'Office' from project 'Office')
    cd /Users/runner/work/office/office/apps/ios
    write-file /Users/runner/work/office/office/apps/ios/build/dd/Build/Intermediates.noindex/Office.build/Debug-iphonesimulator/Office.build/Objects-normal/arm64/Office.SwiftFileList

WriteAuxiliaryFile /Users/runner/work/office/office/apps/ios/build/dd/Build/Intermediates.noindex/Office.build/Debug-iphonesimulator/Office.build/Objects-normal/arm64/Office.SwiftConstValuesFileList (in target 'Office' from project 'Office')
    cd /Users/runner/work/office/office/apps/ios
    write-file /Users/runner/work/office/office/apps/ios/build/dd/Build/Intermediates.noindex/Office.build/Debug-iphonesimulator/Office.build/Objects-normal/arm64/Office.SwiftConstValuesFileList

WriteAuxiliaryFile /Users/runner/work/office/office/apps/ios/build/dd/Build/Intermediates.noindex/Office.build/Debug-iphonesimulator/Office.build/Objects-normal/arm64/Office.LinkFileList (in target 'Office' from project 'Office')
    cd /Users/runner/work/office/office/apps/ios
    write-file /Users/runner/work/office/office/apps/ios/build/dd/Build/Intermediates.noindex/Office.build/Debug-iphonesimulator/Office.build/Objects-normal/arm64/Office.LinkFileList

WriteAuxiliaryFile /Users/runner/work/office/office/apps/ios/build/dd/Build/Intermediates.noindex/Office.build/Debug-iphonesimulator/Office.build/Objects-normal/arm64/Office-OutputFileMap.json (in target 'Office' from project 'Office')
    cd /Users/runner/work/office/office/apps/ios
    write-file /Users/runner/work/office/office/apps/ios/build/dd/Build/Intermediates.noindex/Office.build/Debug-iphonesimulator/Office.build/Objects-normal/arm64/Office-OutputFileMap.json

WriteAuxiliaryFile /Users/runner/work/office/office/apps/ios/build/dd/Build/Intermediates.noindex/Office.build/Debug-iphonesimulator/Office.build/DerivedSources/Entitlements-Simulated.plist (in target 'Office' from project 'Office')
    cd /Users/runner/work/office/office/apps/ios
    write-file /Users/runner/work/office/office/apps/ios/build/dd/Build/Intermediates.noindex/Office.build/Debug-iphonesimulator/Office.build/DerivedSources/Entitlements-Simulated.plist

MkDir /Users/runner/work/office/office/apps/ios/build/dd/Build/Products/Debug-iphonesimulator/Office.app/PlugIns (in target 'Office' from project 'Office')
    cd /Users/runner/work/office/office/apps/ios
    /bin/mkdir -p /Users/runner/work/office/office/apps/ios/build/dd/Build/Products/Debug-iphonesimulator/Office.app/PlugIns

MkDir /Users/runner/work/office/office/apps/ios/build/dd/Build/Products/Debug-iphonesimulator/Office.app/Frameworks (in target 'Office' from project 'Office')
    cd /Users/runner/work/office/office/apps/ios
    /bin/mkdir -p /Users/runner/work/office/office/apps/ios/build/dd/Build/Products/Debug-iphonesimulator/Office.app/Frameworks

MkDir /Users/runner/work/office/office/apps/ios/build/dd/Build/Products/Debug-iphonesimulator/Office.app (in target 'Office' from project 'Office')
    cd /Users/runner/work/office/office/apps/ios
    /bin/mkdir -p /Users/runner/work/office/office/apps/ios/build/dd/Build/Products/Debug-iphonesimulator/Office.app

ProcessProductPackaging "" /Users/runner/work/office/office/apps/ios/build/dd/Build/Intermediates.noindex/Office.build/Debug-iphonesimulator/Office.build/Office.app-Simulated.xcent (in target 'Office' from project 'Office')
    cd /Users/runner/work/office/office/apps/ios
    
    Entitlements:
    
    {
    "application-identifier" = "FAKETEAMID.org.orthodoxwest.office.preview";
}
    
    builtin-productPackagingUtility -entitlements -format xml -o /Users/runner/work/office/office/apps/ios/build/dd/Build/Intermediates.noindex/Office.build/Debug-iphonesimulator/Office.build/Office.app-Simulated.xcent

ProcessProductPackagingDER /Users/runner/work/office/office/apps/ios/build/dd/Build/Intermediates.noindex/Office.build/Debug-iphonesimulator/Office.build/Office.app-Simulated.xcent /Users/runner/work/office/office/apps/ios/build/dd/Build/Intermediates.noindex/Office.build/Debug-iphonesimulator/Office.build/Office.app-Simulated.xcent.der (in target 'Office' from project 'Office')
    cd /Users/runner/work/office/office/apps/ios
    /usr/bin/derq query -f xml -i /Users/runner/work/office/office/apps/ios/build/dd/Build/Intermediates.noindex/Office.build/Debug-iphonesimulator/Office.build/Office.app-Simulated.xcent -o /Users/runner/work/office/office/apps/ios/build/dd/Build/Intermediates.noindex/Office.build/Debug-iphonesimulator/Office.build/Office.app-Simulated.xcent.der --raw

Ld /Users/runner/work/office/office/apps/ios/build/dd/Build/Products/Debug-iphonesimulator/Office.app/__preview.dylib normal (in target 'Office' from project 'Office')
    cd /Users/runner/work/office/office/apps/ios
    /Applications/Xcode_16.4.app/Contents/Developer/Toolchains/XcodeDefault.xctoolchain/usr/bin/clang -Xlinker -reproducible -target arm64-apple-ios17.0-simulator -dynamiclib -isysroot /Applications/Xcode_16.4.app/Contents/Developer/Platforms/iPhoneSimulator.platform/Developer/SDKs/iPhoneSimulator18.5.sdk -O0 -L/Users/runner/work/office/office/apps/ios/build/dd/Build/Products/Debug-iphonesimulator -F/Users/runner/work/office/office/apps/ios/build/dd/Build/Products/Debug-iphonesimulator -Fbuild -install_name @rpath/Office.debug.dylib -dead_strip -rdynamic -Xlinker -no_deduplicate -Xlinker -objc_abi_version -Xlinker 2 -Xlinker -dependency_info -Xlinker /Users/runner/work/office/office/apps/ios/build/dd/Build/Intermediates.noindex/Office.build/Debug-iphonesimulator/Office.build/Objects-normal/arm64/Office_dependency_info.dat -Xlinker -sectcreate -Xlinker __TEXT -Xlinker __entitlements -Xlinker /Users/runner/work/office/office/apps/ios/build/dd/Build/Intermediates.noindex/Office.build/Debug-iphonesimulator/Office.build/Office.app-Simulated.xcent -Xlinker -sectcreate -Xlinker __TEXT -Xlinker __ents_der -Xlinker /Users/runner/work/office/office/apps/ios/build/dd/Build/Intermediates.noindex/Office.build/Debug-iphonesimulator/Office.build/Office.app-Simulated.xcent.der -Xlinker -no_adhoc_codesign -o /Users/runner/work/office/office/apps/ios/build/dd/Build/Products/Debug-iphonesimulator/Office.app/__preview.dylib

MkDir /Users/runner/work/office/office/apps/ios/build/dd/Build/Intermediates.noindex/Office.build/Debug-iphonesimulator/Office.build/assetcatalog_output/unthinned (in target 'Office' from project 'Office')
    cd /Users/runner/work/office/office/apps/ios
    /bin/mkdir -p /Users/runner/work/office/office/apps/ios/build/dd/Build/Intermediates.noindex/Office.build/Debug-iphonesimulator/Office.build/assetcatalog_output/unthinned

MkDir /Users/runner/work/office/office/apps/ios/build/dd/Build/Intermediates.noindex/Office.build/Debug-iphonesimulator/Office.build/assetcatalog_output/thinned (in target 'Office' from project 'Office')
    cd /Users/runner/work/office/office/apps/ios
    /bin/mkdir -p /Users/runner/work/office/office/apps/ios/build/dd/Build/Intermediates.noindex/Office.build/Debug-iphonesimulator/Office.build/assetcatalog_output/thinned

GenerateAssetSymbols /Users/runner/work/office/office/apps/ios/Office/Assets.xcassets (in target 'Office' from project 'Office')
    cd /Users/runner/work/office/office/apps/ios
    /Applications/Xcode_16.4.app/Contents/Developer/usr/bin/actool /Users/runner/work/office/office/apps/ios/Office/Assets.xcassets --compile /Users/runner/work/office/office/apps/ios/build/dd/Build/Products/Debug-iphonesimulator/Office.app --output-format human-readable-text --notices --warnings --export-dependency-info /Users/runner/work/office/office/apps/ios/build/dd/Build/Intermediates.noindex/Office.build/Debug-iphonesimulator/Office.build/assetcatalog_dependencies --output-partial-info-plist /Users/runner/work/office/office/apps/ios/build/dd/Build/Intermediates.noindex/Office.build/Debug-iphonesimulator/Office.build/assetcatalog_generated_info.plist --app-icon AppIcon --compress-pngs --enable-on-demand-resources YES --development-region en --target-device iphone --target-device ipad --minimum-deployment-target 17.0 --platform iphonesimulator --bundle-identifier org.orthodoxwest.office.preview --generate-swift-asset-symbol-extensions NO --generate-swift-asset-symbols /Users/runner/work/office/office/apps/ios/build/dd/Build/Intermediates.noindex/Office.build/Debug-iphonesimulator/Office.build/DerivedSources/GeneratedAssetSymbols.swift --generate-objc-asset-symbols /Users/runner/work/office/office/apps/ios/build/dd/Build/Intermediates.noindex/Office.build/Debug-iphonesimulator/Office.build/DerivedSources/GeneratedAssetSymbols.h --generate-asset-symbol-index /Users/runner/work/office/office/apps/ios/build/dd/Build/Intermediates.noindex/Office.build/Debug-iphonesimulator/Office.build/DerivedSources/GeneratedAssetSymbols-Index.plist
/* com.apple.actool.compilation-results */
/Users/runner/work/office/office/apps/ios/build/dd/Build/Intermediates.noindex/Office.build/Debug-iphonesimulator/Office.build/DerivedSources/GeneratedAssetSymbols-Index.plist
/Users/runner/work/office/office/apps/ios/build/dd/Build/Intermediates.noindex/Office.build/Debug-iphonesimulator/Office.build/DerivedSources/GeneratedAssetSymbols.h
/Users/runner/work/office/office/apps/ios/build/dd/Build/Intermediates.noindex/Office.build/Debug-iphonesimulator/Office.build/DerivedSources/GeneratedAssetSymbols.swift


CpResource /Users/runner/work/office/office/apps/ios/build/dd/Build/Products/Debug-iphonesimulator/Office.app/plaster_nave.jpg /Users/runner/work/office/office/apps/android/app/src/main/res/drawable-nodpi/plaster_nave.jpg (in target 'Office' from project 'Office')
    cd /Users/runner/work/office/office/apps/ios
    builtin-copy -exclude .DS_Store -exclude CVS -exclude .svn -exclude .git -exclude .hg -resolve-src-symlinks /Users/runner/work/office/office/apps/android/app/src/main/res/drawable-nodpi/plaster_nave.jpg /Users/runner/work/office/office/apps/ios/build/dd/Build/Products/Debug-iphonesimulator/Office.app

CpResource /Users/runner/work/office/office/apps/ios/build/dd/Build/Products/Debug-iphonesimulator/Office.app/plaster_apse.jpg /Users/runner/work/office/office/apps/android/app/src/main/res/drawable-nodpi/plaster_apse.jpg (in target 'Office' from project 'Office')
    cd /Users/runner/work/office/office/apps/ios
    builtin-copy -exclude .DS_Store -exclude CVS -exclude .svn -exclude .git -exclude .hg -resolve-src-symlinks /Users/runner/work/office/office/apps/android/app/src/main/res/drawable-nodpi/plaster_apse.jpg /Users/runner/work/office/office/apps/ios/build/dd/Build/Products/Debug-iphonesimulator/Office.app

CpResource /Users/runner/work/office/office/apps/ios/build/dd/Build/Products/Debug-iphonesimulator/Office.app/noto_sans_symbols_cross.ttf /Users/runner/work/office/office/apps/android/app/src/main/res/font/noto_sans_symbols_cross.ttf (in target 'Office' from project 'Office')
    cd /Users/runner/work/office/office/apps/ios
    builtin-copy -exclude .DS_Store -exclude CVS -exclude .svn -exclude .git -exclude .hg -resolve-src-symlinks /Users/runner/work/office/office/apps/android/app/src/main/res/font/noto_sans_symbols_cross.ttf /Users/runner/work/office/office/apps/ios/build/dd/Build/Products/Debug-iphonesimulator/Office.app

CpResource /Users/runner/work/office/office/apps/ios/build/dd/Build/Products/Debug-iphonesimulator/Office.app/eb_garamond_regular.otf /Users/runner/work/office/office/apps/android/app/src/main/res/font/eb_garamond_regular.otf (in target 'Office' from project 'Office')
    cd /Users/runner/work/office/office/apps/ios
    builtin-copy -exclude .DS_Store -exclude CVS -exclude .svn -exclude .git -exclude .hg -resolve-src-symlinks /Users/runner/work/office/office/apps/android/app/src/main/res/font/eb_garamond_regular.otf /Users/runner/work/office/office/apps/ios/build/dd/Build/Products/Debug-iphonesimulator/Office.app

CpResource /Users/runner/work/office/office/apps/ios/build/dd/Build/Products/Debug-iphonesimulator/Office.app/eb_garamond_italic.otf /Users/runner/work/office/office/apps/android/app/src/main/res/font/eb_garamond_italic.otf (in target 'Office' from project 'Office')
    cd /Users/runner/work/office/office/apps/ios
    builtin-copy -exclude .DS_Store -exclude CVS -exclude .svn -exclude .git -exclude .hg -resolve-src-symlinks /Users/runner/work/office/office/apps/android/app/src/main/res/font/eb_garamond_italic.otf /Users/runner/work/office/office/apps/ios/build/dd/Build/Products/Debug-iphonesimulator/Office.app

CpResource /Users/runner/work/office/office/apps/ios/build/dd/Build/Products/Debug-iphonesimulator/Office.app/bell.caf /Users/runner/work/office/office/apps/ios/Office/Resources/bell.caf (in target 'Office' from project 'Office')
    cd /Users/runner/work/office/office/apps/ios
    builtin-copy -exclude .DS_Store -exclude CVS -exclude .svn -exclude .git -exclude .hg -resolve-src-symlinks /Users/runner/work/office/office/apps/ios/Office/Resources/bell.caf /Users/runner/work/office/office/apps/ios/build/dd/Build/Products/Debug-iphonesimulator/Office.app

Copy /Users/runner/work/office/office/apps/ios/build/dd/Build/Products/Debug-iphonesimulator/Office.app/Frameworks/libXCTestSwiftSupport.dylib /Applications/Xcode_16.4.app/Contents/Developer/Platforms/iPhoneSimulator.platform/Developer/usr/lib/libXCTestSwiftSupport.dylib (in target 'Office' from project 'Office')
    cd /Users/runner/work/office/office/apps/ios
    builtin-copy -exclude .DS_Store -exclude CVS -exclude .svn -exclude .git -exclude .hg -exclude Headers -exclude PrivateHeaders -exclude Modules -exclude \*.tbd -resolve-src-symlinks /Applications/Xcode_16.4.app/Contents/Developer/Platforms/iPhoneSimulator.platform/Developer/usr/lib/libXCTestSwiftSupport.dylib /Users/runner/work/office/office/apps/ios/build/dd/Build/Products/Debug-iphonesimulator/Office.app/Frameworks

Copy /Users/runner/work/office/office/apps/ios/build/dd/Build/Products/Debug-iphonesimulator/Office.app/Frameworks/libXCTestBundleInject.dylib /Applications/Xcode_16.4.app/Contents/Developer/Platforms/iPhoneSimulator.platform/Developer/usr/lib/libXCTestBundleInject.dylib (in target 'Office' from project 'Office')
    cd /Users/runner/work/office/office/apps/ios
    builtin-copy -exclude .DS_Store -exclude CVS -exclude .svn -exclude .git -exclude .hg -exclude Headers -exclude PrivateHeaders -exclude Modules -exclude \*.tbd -resolve-src-symlinks /Applications/Xcode_16.4.app/Contents/Developer/Platforms/iPhoneSimulator.platform/Developer/usr/lib/libXCTestBundleInject.dylib /Users/runner/work/office/office/apps/ios/build/dd/Build/Products/Debug-iphonesimulator/Office.app/Frameworks

Copy /Users/runner/work/office/office/apps/ios/build/dd/Build/Products/Debug-iphonesimulator/Office.app/Frameworks/XCUnit.framework /Applications/Xcode_16.4.app/Contents/Developer/Platforms/iPhoneSimulator.platform/Developer/Library/PrivateFrameworks/XCUnit.framework (in target 'Office' from project 'Office')
    cd /Users/runner/work/office/office/apps/ios
    builtin-copy -exclude .DS_Store -exclude CVS -exclude .svn -exclude .git -exclude .hg -exclude Headers -exclude PrivateHeaders -exclude Modules -exclude \*.tbd -resolve-src-symlinks /Applications/Xcode_16.4.app/Contents/Developer/Platforms/iPhoneSimulator.platform/Developer/Library/PrivateFrameworks/XCUnit.framework /Users/runner/work/office/office/apps/ios/build/dd/Build/Products/Debug-iphonesimulator/Office.app/Frameworks

Copy /Users/runner/work/office/office/apps/ios/build/dd/Build/Products/Debug-iphonesimulator/Office.app/Frameworks/XCUIAutomation.framework /Applications/Xcode_16.4.app/Contents/Developer/Platforms/iPhoneSimulator.platform/Developer/Library/Frameworks/XCUIAutomation.framework (in target 'Office' from project 'Office')
    cd /Users/runner/work/office/office/apps/ios
    builtin-copy -exclude .DS_Store -exclude CVS -exclude .svn -exclude .git -exclude .hg -exclude Headers -exclude PrivateHeaders -exclude Modules -exclude \*.tbd -resolve-src-symlinks /Applications/Xcode_16.4.app/Contents/Developer/Platforms/iPhoneSimulator.platform/Developer/Library/Frameworks/XCUIAutomation.framework /Users/runner/work/office/office/apps/ios/build/dd/Build/Products/Debug-iphonesimulator/Office.app/Frameworks

Copy /Users/runner/work/office/office/apps/ios/build/dd/Build/Products/Debug-iphonesimulator/Office.app/Frameworks/XCTestSupport.framework /Applications/Xcode_16.4.app/Contents/Developer/Platforms/iPhoneSimulator.platform/Developer/Library/PrivateFrameworks/XCTestSupport.framework (in target 'Office' from project 'Office')
    cd /Users/runner/work/office/office/apps/ios
    builtin-copy -exclude .DS_Store -exclude CVS -exclude .svn -exclude .git -exclude .hg -exclude Headers -exclude PrivateHeaders -exclude Modules -exclude \*.tbd -resolve-src-symlinks /Applications/Xcode_16.4.app/Contents/Developer/Platforms/iPhoneSimulator.platform/Developer/Library/PrivateFrameworks/XCTestSupport.framework /Users/runner/work/office/office/apps/ios/build/dd/Build/Products/Debug-iphonesimulator/Office.app/Frameworks

Copy /Users/runner/work/office/office/apps/ios/build/dd/Build/Products/Debug-iphonesimulator/Office.app/Frameworks/XCTestCore.framework /Applications/Xcode_16.4.app/Contents/Developer/Platforms/iPhoneSimulator.platform/Developer/Library/PrivateFrameworks/XCTestCore.framework (in target 'Office' from project 'Office')
    cd /Users/runner/work/office/office/apps/ios
    builtin-copy -exclude .DS_Store -exclude CVS -exclude .svn -exclude .git -exclude .hg -exclude Headers -exclude PrivateHeaders -exclude Modules -exclude \*.tbd -resolve-src-symlinks /Applications/Xcode_16.4.app/Contents/Developer/Platforms/iPhoneSimulator.platform/Developer/Library/PrivateFrameworks/XCTestCore.framework /Users/runner/work/office/office/apps/ios/build/dd/Build/Products/Debug-iphonesimulator/Office.app/Frameworks

Copy /Users/runner/work/office/office/apps/ios/build/dd/Build/Products/Debug-iphonesimulator/Office.app/Frameworks/XCTest.framework /Applications/Xcode_16.4.app/Contents/Developer/Platforms/iPhoneSimulator.platform/Developer/Library/Frameworks/XCTest.framework (in target 'Office' from project 'Office')
    cd /Users/runner/work/office/office/apps/ios
    builtin-copy -exclude .DS_Store -exclude CVS -exclude .svn -exclude .git -exclude .hg -exclude Headers -exclude PrivateHeaders -exclude Modules -exclude \*.tbd -resolve-src-symlinks /Applications/Xcode_16.4.app/Contents/Developer/Platforms/iPhoneSimulator.platform/Developer/Library/Frameworks/XCTest.framework /Users/runner/work/office/office/apps/ios/build/dd/Build/Products/Debug-iphonesimulator/Office.app/Frameworks

Copy /Users/runner/work/office/office/apps/ios/build/dd/Build/Products/Debug-iphonesimulator/Office.app/Frameworks/XCTAutomationSupport.framework /Applications/Xcode_16.4.app/Contents/Developer/Platforms/iPhoneSimulator.platform/Developer/Library/PrivateFrameworks/XCTAutomationSupport.framework (in target 'Office' from project 'Office')
    cd /Users/runner/work/office/office/apps/ios
    builtin-copy -exclude .DS_Store -exclude CVS -exclude .svn -exclude .git -exclude .hg -exclude Headers -exclude PrivateHeaders -exclude Modules -exclude \*.tbd -resolve-src-symlinks /Applications/Xcode_16.4.app/Contents/Developer/Platforms/iPhoneSimulator.platform/Developer/Library/PrivateFrameworks/XCTAutomationSupport.framework /Users/runner/work/office/office/apps/ios/build/dd/Build/Products/Debug-iphonesimulator/Office.app/Frameworks

Copy /Users/runner/work/office/office/apps/ios/build/dd/Build/Products/Debug-iphonesimulator/Office.app/Frameworks/Testing.framework /Applications/Xcode_16.4.app/Contents/Developer/Platforms/iPhoneSimulator.platform/Developer/Library/Frameworks/Testing.framework (in target 'Office' from project 'Office')
    cd /Users/runner/work/office/office/apps/ios
    builtin-copy -exclude .DS_Store -exclude CVS -exclude .svn -exclude .git -exclude .hg -exclude Headers -exclude PrivateHeaders -exclude Modules -exclude \*.tbd -resolve-src-symlinks /Applications/Xcode_16.4.app/Contents/Developer/Platforms/iPhoneSimulator.platform/Developer/Library/Frameworks/Testing.framework /Users/runner/work/office/office/apps/ios/build/dd/Build/Products/Debug-iphonesimulator/Office.app/Frameworks

CompileAssetCatalogVariant thinned /Users/runner/work/office/office/apps/ios/build/dd/Build/Products/Debug-iphonesimulator/Office.app /Users/runner/work/office/office/apps/ios/Office/Assets.xcassets (in target 'Office' from project 'Office')
    cd /Users/runner/work/office/office/apps/ios
    /Applications/Xcode_16.4.app/Contents/Developer/usr/bin/actool /Users/runner/work/office/office/apps/ios/Office/Assets.xcassets --compile /Users/runner/work/office/office/apps/ios/build/dd/Build/Intermediates.noindex/Office.build/Debug-iphonesimulator/Office.build/assetcatalog_output/thinned --output-format human-readable-text --notices --warnings --export-dependency-info /Users/runner/work/office/office/apps/ios/build/dd/Build/Intermediates.noindex/Office.build/Debug-iphonesimulator/Office.build/assetcatalog_dependencies_thinned --output-partial-info-plist /Users/runner/work/office/office/apps/ios/build/dd/Build/Intermediates.noindex/Office.build/Debug-iphonesimulator/Office.build/assetcatalog_generated_info.plist_thinned --app-icon AppIcon --compress-pngs --enable-on-demand-resources YES --filter-for-thinning-device-configuration iPhone17,3 --filter-for-device-os-version 26.2 --development-region en --target-device iphone --target-device ipad --minimum-deployment-target 17.0 --platform iphonesimulator
/* com.apple.actool.compilation-results */
/Users/runner/work/office/office/apps/ios/build/dd/Build/Intermediates.noindex/Office.build/Debug-iphonesimulator/Office.build/assetcatalog_generated_info.plist_thinned
/Users/runner/work/office/office/apps/ios/build/dd/Build/Intermediates.noindex/Office.build/Debug-iphonesimulator/Office.build/assetcatalog_output/thinned/AppIcon60x60@2x.png
/Users/runner/work/office/office/apps/ios/build/dd/Build/Intermediates.noindex/Office.build/Debug-iphonesimulator/Office.build/assetcatalog_output/thinned/AppIcon76x76@2x~ipad.png
/Users/runner/work/office/office/apps/ios/build/dd/Build/Intermediates.noindex/Office.build/Debug-iphonesimulator/Office.build/assetcatalog_output/thinned/Assets.car


SwiftDriver Office normal arm64 com.apple.xcode.tools.swift.compiler (in target 'Office' from project 'Office')
    cd /Users/runner/work/office/office/apps/ios
    builtin-SwiftDriver -- /Applications/Xcode_16.4.app/Contents/Developer/Toolchains/XcodeDefault.xctoolchain/usr/bin/swiftc -module-name Office -Onone -enforce-exclusivity\=checked @/Users/runner/work/office/office/apps/ios/build/dd/Build/Intermediates.noindex/Office.build/Debug-iphonesimulator/Office.build/Objects-normal/arm64/Office.SwiftFileList -DDEBUG -enable-bare-slash-regex -enable-experimental-feature DebugDescriptionMacro -sdk /Applications/Xcode_16.4.app/Contents/Developer/Platforms/iPhoneSimulator.platform/Developer/SDKs/iPhoneSimulator18.5.sdk -target arm64-apple-ios17.0-simulator -g -module-cache-path /Users/runner/work/office/office/apps/ios/build/dd/ModuleCache.noindex -Xfrontend -serialize-debugging-options -enable-testing -index-store-path /Users/runner/work/office/office/apps/ios/build/dd/Index.noindex/DataStore -swift-version 5 -I /Users/runner/work/office/office/apps/ios/build/dd/Build/Products/Debug-iphonesimulator -F /Users/runner/work/office/office/apps/ios/build/dd/Build/Products/Debug-iphonesimulator -F build -c -j3 -enable-batch-mode -incremental -Xcc -ivfsstatcache -Xcc /Users/runner/work/office/office/apps/ios/build/dd/SDKStatCaches.noindex/iphonesimulator18.5-22F76-96ae0914227b19deccb34b33ba7b5dea.sdkstatcache -output-file-map /Users/runner/work/office/office/apps/ios/build/dd/Build/Intermediates.noindex/Office.build/Debug-iphonesimulator/Office.build/Objects-normal/arm64/Office-OutputFileMap.json -use-frontend-parseable-output -save-temps -no-color-diagnostics -serialize-diagnostics -emit-dependencies -emit-module -emit-module-path /Users/runner/work/office/office/apps/ios/build/dd/Build/Intermediates.noindex/Office.build/Debug-iphonesimulator/Office.build/Objects-normal/arm64/Office.swiftmodule -validate-clang-modules-once -clang-build-session-file /Users/runner/work/office/office/apps/ios/build/dd/ModuleCache.noindex/Session.modulevalidation -Xcc -I/Users/runner/work/office/office/apps/ios/build/dd/Build/Intermediates.noindex/Office.build/Debug-iphonesimulator/Office.build/swift-overrides.hmap -emit-const-values -Xfrontend -const-gather-protocols-file -Xfrontend /Users/runner/work/office/office/apps/ios/build/dd/Build/Intermediates.noindex/Office.build/Debug-iphonesimulator/Office.build/Objects-normal/arm64/Office_const_extract_protocols.json -Xcc -iquote -Xcc /Users/runner/work/office/office/apps/ios/build/dd/Build/Intermediates.noindex/Office.build/Debug-iphonesimulator/Office.build/Office-generated-files.hmap -Xcc -I/Users/runner/work/office/office/apps/ios/build/dd/Build/Intermediates.noindex/Office.build/Debug-iphonesimulator/Office.build/Office-own-target-headers.hmap -Xcc -I/Users/runner/work/office/office/apps/ios/build/dd/Build/Intermediates.noindex/Office.build/Debug-iphonesimulator/Office.build/Office-all-target-headers.hmap -Xcc -iquote -Xcc /Users/runner/work/office/office/apps/ios/build/dd/Build/Intermediates.noindex/Office.build/Debug-iphonesimulator/Office.build/Office-project-headers.hmap -Xcc -I/Users/runner/work/office/office/apps/ios/build/dd/Build/Products/Debug-iphonesimulator/include -Xcc -I/Users/runner/work/office/office/apps/ios/build/dd/Build/Intermediates.noindex/Office.build/Debug-iphonesimulator/Office.build/DerivedSources-normal/arm64 -Xcc -I/Users/runner/work/office/office/apps/ios/build/dd/Build/Intermediates.noindex/Office.build/Debug-iphonesimulator/Office.build/DerivedSources/arm64 -Xcc -I/Users/runner/work/office/office/apps/ios/build/dd/Build/Intermediates.noindex/Office.build/Debug-iphonesimulator/Office.build/DerivedSources -Xcc -DDEBUG\=1 -emit-objc-header -emit-objc-header-path /Users/runner/work/office/office/apps/ios/build/dd/Build/Intermediates.noindex/Office.build/Debug-iphonesimulator/Office.build/Objects-normal/arm64/Office-Swift.h -working-directory /Users/runner/work/office/office/apps/ios -experimental-emit-module-separately -disable-cmo

SwiftEmitModule normal arm64 Emitting\ module\ for\ Office (in target 'Office' from project 'Office')
EmitSwiftModule normal arm64 (in target 'Office' from project 'Office')
    cd /Users/runner/work/office/office/apps/ios
    

SwiftCompile normal arm64 Compiling\ Blocks.swift,\ Chrome.swift,\ HomeScreen.swift,\ HourScreen.swift,\ Model.swift,\ Niche.swift /Users/runner/work/office/office/apps/ios/Office/Blocks.swift /Users/runner/work/office/office/apps/ios/Office/Chrome.swift /Users/runner/work/office/office/apps/ios/Office/HomeScreen.swift /Users/runner/work/office/office/apps/ios/Office/HourScreen.swift /Users/runner/work/office/office/apps/ios/Office/Model.swift /Users/runner/work/office/office/apps/ios/Office/Niche.swift (in target 'Office' from project 'Office')
SwiftCompile normal arm64 /Users/runner/work/office/office/apps/ios/Office/Blocks.swift (in target 'Office' from project 'Office')
    cd /Users/runner/work/office/office/apps/ios
    

SwiftCompile normal arm64 /Users/runner/work/office/office/apps/ios/Office/Chrome.swift (in target 'Office' from project 'Office')
    cd /Users/runner/work/office/office/apps/ios
    

SwiftCompile normal arm64 /Users/runner/work/office/office/apps/ios/Office/HomeScreen.swift (in target 'Office' from project 'Office')
    cd /Users/runner/work/office/office/apps/ios
    

SwiftCompile normal arm64 /Users/runner/work/office/office/apps/ios/Office/HourScreen.swift (in target 'Office' from project 'Office')
    cd /Users/runner/work/office/office/apps/ios
    

SwiftCompile normal arm64 /Users/runner/work/office/office/apps/ios/Office/Model.swift (in target 'Office' from project 'Office')
    cd /Users/runner/work/office/office/apps/ios
    

SwiftCompile normal arm64 /Users/runner/work/office/office/apps/ios/Office/Niche.swift (in target 'Office' from project 'Office')
    cd /Users/runner/work/office/office/apps/ios
    

LinkAssetCatalog /Users/runner/work/office/office/apps/ios/Office/Assets.xcassets (in target 'Office' from project 'Office')
    cd /Users/runner/work/office/office/apps/ios
    builtin-linkAssetCatalog --thinned /Users/runner/work/office/office/apps/ios/build/dd/Build/Intermediates.noindex/Office.build/Debug-iphonesimulator/Office.build/assetcatalog_output/thinned --thinned-dependencies /Users/runner/work/office/office/apps/ios/build/dd/Build/Intermediates.noindex/Office.build/Debug-iphonesimulator/Office.build/assetcatalog_dependencies_thinned --thinned-info-plist-content /Users/runner/work/office/office/apps/ios/build/dd/Build/Intermediates.noindex/Office.build/Debug-iphonesimulator/Office.build/assetcatalog_generated_info.plist_thinned --unthinned /Users/runner/work/office/office/apps/ios/build/dd/Build/Intermediates.noindex/Office.build/Debug-iphonesimulator/Office.build/assetcatalog_output/unthinned --unthinned-dependencies /Users/runner/work/office/office/apps/ios/build/dd/Build/Intermediates.noindex/Office.build/Debug-iphonesimulator/Office.build/assetcatalog_dependencies_unthinned --unthinned-info-plist-content /Users/runner/work/office/office/apps/ios/build/dd/Build/Intermediates.noindex/Office.build/Debug-iphonesimulator/Office.build/assetcatalog_generated_info.plist_unthinned --output /Users/runner/work/office/office/apps/ios/build/dd/Build/Products/Debug-iphonesimulator/Office.app --plist-output /Users/runner/work/office/office/apps/ios/build/dd/Build/Intermediates.noindex/Office.build/Debug-iphonesimulator/Office.build/assetcatalog_generated_info.plist
note: Emplaced /Users/runner/work/office/office/apps/ios/build/dd/Build/Products/Debug-iphonesimulator/Office.app/AppIcon76x76@2x~ipad.png (in target 'Office' from project 'Office')
note: Emplaced /Users/runner/work/office/office/apps/ios/build/dd/Build/Products/Debug-iphonesimulator/Office.app/AppIcon60x60@2x.png (in target 'Office' from project 'Office')
note: Emplaced /Users/runner/work/office/office/apps/ios/build/dd/Build/Products/Debug-iphonesimulator/Office.app/Assets.car (in target 'Office' from project 'Office')

SwiftCompile normal arm64 Compiling\ SVG.swift,\ Theme.swift,\ Usage.swift,\ office_mobile.swift,\ GeneratedAssetSymbols.swift /Users/runner/work/office/office/apps/ios/Office/SVG.swift /Users/runner/work/office/office/apps/ios/Office/Theme.swift /Users/runner/work/office/office/apps/ios/Office/Usage.swift /Users/runner/work/office/office/apps/ios/build/generated/office_mobile.swift /Users/runner/work/office/office/apps/ios/build/dd/Build/Intermediates.noindex/Office.build/Debug-iphonesimulator/Office.build/DerivedSources/GeneratedAssetSymbols.swift (in target 'Office' from project 'Office')

SwiftCompile normal arm64 /Users/runner/work/office/office/apps/ios/Office/SVG.swift (in target 'Office' from project 'Office')
    cd /Users/runner/work/office/office/apps/ios
    

SwiftCompile normal arm64 /Users/runner/work/office/office/apps/ios/Office/Theme.swift (in target 'Office' from project 'Office')
    cd /Users/runner/work/office/office/apps/ios
    

SwiftCompile normal arm64 /Users/runner/work/office/office/apps/ios/Office/Usage.swift (in target 'Office' from project 'Office')
    cd /Users/runner/work/office/office/apps/ios
    

SwiftCompile normal arm64 /Users/runner/work/office/office/apps/ios/build/generated/office_mobile.swift (in target 'Office' from project 'Office')
    cd /Users/runner/work/office/office/apps/ios
    

SwiftCompile normal arm64 /Users/runner/work/office/office/apps/ios/build/dd/Build/Intermediates.noindex/Office.build/Debug-iphonesimulator/Office.build/DerivedSources/GeneratedAssetSymbols.swift (in target 'Office' from project 'Office')
    cd /Users/runner/work/office/office/apps/ios
    

ProcessInfoPlistFile /Users/runner/work/office/office/apps/ios/build/dd/Build/Products/Debug-iphonesimulator/Office.app/Info.plist /Users/runner/work/office/office/apps/ios/build/Info.plist (in target 'Office' from project 'Office')
    cd /Users/runner/work/office/office/apps/ios
    builtin-infoPlistUtility /Users/runner/work/office/office/apps/ios/build/Info.plist -producttype com.apple.product-type.application -genpkginfo /Users/runner/work/office/office/apps/ios/build/dd/Build/Products/Debug-iphonesimulator/Office.app/PkgInfo -expandbuildsettings -format binary -platform iphonesimulator -additionalcontentfile /Users/runner/work/office/office/apps/ios/build/dd/Build/Intermediates.noindex/Office.build/Debug-iphonesimulator/Office.build/assetcatalog_generated_info.plist -o /Users/runner/work/office/office/apps/ios/build/dd/Build/Products/Debug-iphonesimulator/Office.app/Info.plist

SwiftDriverJobDiscovery normal arm64 Emitting module for Office (in target 'Office' from project 'Office')

SwiftDriver\ Compilation\ Requirements Office normal arm64 com.apple.xcode.tools.swift.compiler (in target 'Office' from project 'Office')
    cd /Users/runner/work/office/office/apps/ios
    builtin-Swift-Compilation-Requirements -- /Applications/Xcode_16.4.app/Contents/Developer/Toolchains/XcodeDefault.xctoolchain/usr/bin/swiftc -module-name Office -Onone -enforce-exclusivity\=checked @/Users/runner/work/office/office/apps/ios/build/dd/Build/Intermediates.noindex/Office.build/Debug-iphonesimulator/Office.build/Objects-normal/arm64/Office.SwiftFileList -DDEBUG -enable-bare-slash-regex -enable-experimental-feature DebugDescriptionMacro -sdk /Applications/Xcode_16.4.app/Contents/Developer/Platforms/iPhoneSimulator.platform/Developer/SDKs/iPhoneSimulator18.5.sdk -target arm64-apple-ios17.0-simulator -g -module-cache-path /Users/runner/work/office/office/apps/ios/build/dd/ModuleCache.noindex -Xfrontend -serialize-debugging-options -enable-testing -index-store-path /Users/runner/work/office/office/apps/ios/build/dd/Index.noindex/DataStore -swift-version 5 -I /Users/runner/work/office/office/apps/ios/build/dd/Build/Products/Debug-iphonesimulator -F /Users/runner/work/office/office/apps/ios/build/dd/Build/Products/Debug-iphonesimulator -F build -c -j3 -enable-batch-mode -incremental -Xcc -ivfsstatcache -Xcc /Users/runner/work/office/office/apps/ios/build/dd/SDKStatCaches.noindex/iphonesimulator18.5-22F76-96ae0914227b19deccb34b33ba7b5dea.sdkstatcache -output-file-map /Users/runner/work/office/office/apps/ios/build/dd/Build/Intermediates.noindex/Office.build/Debug-iphonesimulator/Office.build/Objects-normal/arm64/Office-OutputFileMap.json -use-frontend-parseable-output -save-temps -no-color-diagnostics -serialize-diagnostics -emit-dependencies -emit-module -emit-module-path /Users/runner/work/office/office/apps/ios/build/dd/Build/Intermediates.noindex/Office.build/Debug-iphonesimulator/Office.build/Objects-normal/arm64/Office.swiftmodule -validate-clang-modules-once -clang-build-session-file /Users/runner/work/office/office/apps/ios/build/dd/ModuleCache.noindex/Session.modulevalidation -Xcc -I/Users/runner/work/office/office/apps/ios/build/dd/Build/Intermediates.noindex/Office.build/Debug-iphonesimulator/Office.build/swift-overrides.hmap -emit-const-values -Xfrontend -const-gather-protocols-file -Xfrontend /Users/runner/work/office/office/apps/ios/build/dd/Build/Intermediates.noindex/Office.build/Debug-iphonesimulator/Office.build/Objects-normal/arm64/Office_const_extract_protocols.json -Xcc -iquote -Xcc /Users/runner/work/office/office/apps/ios/build/dd/Build/Intermediates.noindex/Office.build/Debug-iphonesimulator/Office.build/Office-generated-files.hmap -Xcc -I/Users/runner/work/office/office/apps/ios/build/dd/Build/Intermediates.noindex/Office.build/Debug-iphonesimulator/Office.build/Office-own-target-headers.hmap -Xcc -I/Users/runner/work/office/office/apps/ios/build/dd/Build/Intermediates.noindex/Office.build/Debug-iphonesimulator/Office.build/Office-all-target-headers.hmap -Xcc -iquote -Xcc /Users/runner/work/office/office/apps/ios/build/dd/Build/Intermediates.noindex/Office.build/Debug-iphonesimulator/Office.build/Office-project-headers.hmap -Xcc -I/Users/runner/work/office/office/apps/ios/build/dd/Build/Products/Debug-iphonesimulator/include -Xcc -I/Users/runner/work/office/office/apps/ios/build/dd/Build/Intermediates.noindex/Office.build/Debug-iphonesimulator/Office.build/DerivedSources-normal/arm64 -Xcc -I/Users/runner/work/office/office/apps/ios/build/dd/Build/Intermediates.noindex/Office.build/Debug-iphonesimulator/Office.build/DerivedSources/arm64 -Xcc -I/Users/runner/work/office/office/apps/ios/build/dd/Build/Intermediates.noindex/Office.build/Debug-iphonesimulator/Office.build/DerivedSources -Xcc -DDEBUG\=1 -emit-objc-header -emit-objc-header-path /Users/runner/work/office/office/apps/ios/build/dd/Build/Intermediates.noindex/Office.build/Debug-iphonesimulator/Office.build/Objects-normal/arm64/Office-Swift.h -working-directory /Users/runner/work/office/office/apps/ios -experimental-emit-module-separately -disable-cmo

SwiftCompile normal arm64 Compiling\ OfficeApp.swift,\ OrdoScreen.swift,\ Ornaments.swift,\ Prose.swift,\ Reminders.swift,\ RemindersScreen.swift /Users/runner/work/office/office/apps/ios/Office/OfficeApp.swift /Users/runner/work/office/office/apps/ios/Office/OrdoScreen.swift /Users/runner/work/office/office/apps/ios/Office/Ornaments.swift /Users/runner/work/office/office/apps/ios/Office/Prose.swift /Users/runner/work/office/office/apps/ios/Office/Reminders.swift /Users/runner/work/office/office/apps/ios/Office/RemindersScreen.swift (in target 'Office' from project 'Office')

SwiftCompile normal arm64 /Users/runner/work/office/office/apps/ios/Office/OfficeApp.swift (in target 'Office' from project 'Office')
    cd /Users/runner/work/office/office/apps/ios
    

SwiftCompile normal arm64 /Users/runner/work/office/office/apps/ios/Office/OrdoScreen.swift (in target 'Office' from project 'Office')
    cd /Users/runner/work/office/office/apps/ios
    

SwiftCompile normal arm64 /Users/runner/work/office/office/apps/ios/Office/Ornaments.swift (in target 'Office' from project 'Office')
    cd /Users/runner/work/office/office/apps/ios
    

SwiftCompile normal arm64 /Users/runner/work/office/office/apps/ios/Office/Prose.swift (in target 'Office' from project 'Office')
    cd /Users/runner/work/office/office/apps/ios
    

SwiftCompile normal arm64 /Users/runner/work/office/office/apps/ios/Office/Reminders.swift (in target 'Office' from project 'Office')
    cd /Users/runner/work/office/office/apps/ios
    

SwiftCompile normal arm64 /Users/runner/work/office/office/apps/ios/Office/RemindersScreen.swift (in target 'Office' from project 'Office')
    cd /Users/runner/work/office/office/apps/ios
    

SwiftMergeGeneratedHeaders /Users/runner/work/office/office/apps/ios/build/dd/Build/Intermediates.noindex/Office.build/Debug-iphonesimulator/Office.build/DerivedSources/Office-Swift.h /Users/runner/work/office/office/apps/ios/build/dd/Build/Intermediates.noindex/Office.build/Debug-iphonesimulator/Office.build/Objects-normal/arm64/Office-Swift.h (in target 'Office' from project 'Office')
    cd /Users/runner/work/office/office/apps/ios
    builtin-swiftHeaderTool -arch arm64 /Users/runner/work/office/office/apps/ios/build/dd/Build/Intermediates.noindex/Office.build/Debug-iphonesimulator/Office.build/Objects-normal/arm64/Office-Swift.h -o /Users/runner/work/office/office/apps/ios/build/dd/Build/Intermediates.noindex/Office.build/Debug-iphonesimulator/Office.build/DerivedSources/Office-Swift.h

SwiftDriverJobDiscovery normal arm64 Compiling SVG.swift, Theme.swift, Usage.swift, office_mobile.swift, GeneratedAssetSymbols.swift (in target 'Office' from project 'Office')

Copy /Users/runner/work/office/office/apps/ios/build/dd/Build/Products/Debug-iphonesimulator/Office.swiftmodule/arm64-apple-ios-simulator.swiftmodule /Users/runner/work/office/office/apps/ios/build/dd/Build/Intermediates.noindex/Office.build/Debug-iphonesimulator/Office.build/Objects-normal/arm64/Office.swiftmodule (in target 'Office' from project 'Office')
    cd /Users/runner/work/office/office/apps/ios
    builtin-copy -exclude .DS_Store -exclude CVS -exclude .svn -exclude .git -exclude .hg -resolve-src-symlinks -rename /Users/runner/work/office/office/apps/ios/build/dd/Build/Intermediates.noindex/Office.build/Debug-iphonesimulator/Office.build/Objects-normal/arm64/Office.swiftmodule /Users/runner/work/office/office/apps/ios/build/dd/Build/Products/Debug-iphonesimulator/Office.swiftmodule/arm64-apple-ios-simulator.swiftmodule

Copy /Users/runner/work/office/office/apps/ios/build/dd/Build/Products/Debug-iphonesimulator/Office.swiftmodule/arm64-apple-ios-simulator.swiftdoc /Users/runner/work/office/office/apps/ios/build/dd/Build/Intermediates.noindex/Office.build/Debug-iphonesimulator/Office.build/Objects-normal/arm64/Office.swiftdoc (in target 'Office' from project 'Office')
    cd /Users/runner/work/office/office/apps/ios
    builtin-copy -exclude .DS_Store -exclude CVS -exclude .svn -exclude .git -exclude .hg -resolve-src-symlinks -rename /Users/runner/work/office/office/apps/ios/build/dd/Build/Intermediates.noindex/Office.build/Debug-iphonesimulator/Office.build/Objects-normal/arm64/Office.swiftdoc /Users/runner/work/office/office/apps/ios/build/dd/Build/Products/Debug-iphonesimulator/Office.swiftmodule/arm64-apple-ios-simulator.swiftdoc

Copy /Users/runner/work/office/office/apps/ios/build/dd/Build/Products/Debug-iphonesimulator/Office.swiftmodule/arm64-apple-ios-simulator.abi.json /Users/runner/work/office/office/apps/ios/build/dd/Build/Intermediates.noindex/Office.build/Debug-iphonesimulator/Office.build/Objects-normal/arm64/Office.abi.json (in target 'Office' from project 'Office')
    cd /Users/runner/work/office/office/apps/ios
    builtin-copy -exclude .DS_Store -exclude CVS -exclude .svn -exclude .git -exclude .hg -resolve-src-symlinks -rename /Users/runner/work/office/office/apps/ios/build/dd/Build/Intermediates.noindex/Office.build/Debug-iphonesimulator/Office.build/Objects-normal/arm64/Office.abi.json /Users/runner/work/office/office/apps/ios/build/dd/Build/Products/Debug-iphonesimulator/Office.swiftmodule/arm64-apple-ios-simulator.abi.json

Copy /Users/runner/work/office/office/apps/ios/build/dd/Build/Products/Debug-iphonesimulator/Office.swiftmodule/Project/arm64-apple-ios-simulator.swiftsourceinfo /Users/runner/work/office/office/apps/ios/build/dd/Build/Intermediates.noindex/Office.build/Debug-iphonesimulator/Office.build/Objects-normal/arm64/Office.swiftsourceinfo (in target 'Office' from project 'Office')
    cd /Users/runner/work/office/office/apps/ios
    builtin-copy -exclude .DS_Store -exclude CVS -exclude .svn -exclude .git -exclude .hg -resolve-src-symlinks -rename /Users/runner/work/office/office/apps/ios/build/dd/Build/Intermediates.noindex/Office.build/Debug-iphonesimulator/Office.build/Objects-normal/arm64/Office.swiftsourceinfo /Users/runner/work/office/office/apps/ios/build/dd/Build/Products/Debug-iphonesimulator/Office.swiftmodule/Project/arm64-apple-ios-simulator.swiftsourceinfo

SwiftDriver OfficeTests normal arm64 com.apple.xcode.tools.swift.compiler (in target 'OfficeTests' from project 'Office')
    cd /Users/runner/work/office/office/apps/ios
    builtin-SwiftDriver -- /Applications/Xcode_16.4.app/Contents/Developer/Toolchains/XcodeDefault.xctoolchain/usr/bin/swiftc -module-name OfficeTests -Onone -enforce-exclusivity\=checked @/Users/runner/work/office/office/apps/ios/build/dd/Build/Intermediates.noindex/Office.build/Debug-iphonesimulator/OfficeTests.build/Objects-normal/arm64/OfficeTests.SwiftFileList -DDEBUG -plugin-path /Applications/Xcode_16.4.app/Contents/Developer/Toolchains/XcodeDefault.xctoolchain/usr/lib/swift/host/plugins/testing -enable-bare-slash-regex -enable-experimental-feature DebugDescriptionMacro -sdk /Applications/Xcode_16.4.app/Contents/Developer/Platforms/iPhoneSimulator.platform/Developer/SDKs/iPhoneSimulator18.5.sdk -target arm64-apple-ios17.0-simulator -g -module-cache-path /Users/runner/work/office/office/apps/ios/build/dd/ModuleCache.noindex -Xfrontend -serialize-debugging-options -enable-testing -index-store-path /Users/runner/work/office/office/apps/ios/build/dd/Index.noindex/DataStore -swift-version 5 -I /Users/runner/work/office/office/apps/ios/build/dd/Build/Products/Debug-iphonesimulator -I /Applications/Xcode_16.4.app/Contents/Developer/Platforms/iPhoneSimulator.platform/Developer/usr/lib -F /Users/runner/work/office/office/apps/ios/build/dd/Build/Products/Debug-iphonesimulator -F /Applications/Xcode_16.4.app/Contents/Developer/Platforms/iPhoneSimulator.platform/Developer/Library/Frameworks -F /Applications/Xcode_16.4.app/Contents/Developer/Platforms/iPhoneSimulator.platform/Developer/SDKs/iPhoneSimulator18.5.sdk/Developer/Library/Frameworks -parse-as-library -c -j3 -enable-batch-mode -incremental -Xcc -ivfsstatcache -Xcc /Users/runner/work/office/office/apps/ios/build/dd/SDKStatCaches.noindex/iphonesimulator18.5-22F76-96ae0914227b19deccb34b33ba7b5dea.sdkstatcache -output-file-map /Users/runner/work/office/office/apps/ios/build/dd/Build/Intermediates.noindex/Office.build/Debug-iphonesimulator/OfficeTests.build/Objects-normal/arm64/OfficeTests-OutputFileMap.json -use-frontend-parseable-output -save-temps -no-color-diagnostics -serialize-diagnostics -emit-dependencies -emit-module -emit-module-path /Users/runner/work/office/office/apps/ios/build/dd/Build/Intermediates.noindex/Office.build/Debug-iphonesimulator/OfficeTests.build/Objects-normal/arm64/OfficeTests.swiftmodule -validate-clang-modules-once -clang-build-session-file /Users/runner/work/office/office/apps/ios/build/dd/ModuleCache.noindex/Session.modulevalidation -Xcc -I/Users/runner/work/office/office/apps/ios/build/dd/Build/Intermediates.noindex/Office.build/Debug-iphonesimulator/OfficeTests.build/swift-overrides.hmap -emit-const-values -Xfrontend -const-gather-protocols-file -Xfrontend /Users/runner/work/office/office/apps/ios/build/dd/Build/Intermediates.noindex/Office.build/Debug-iphonesimulator/OfficeTests.build/Objects-normal/arm64/OfficeTests_const_extract_protocols.json -Xcc -iquote -Xcc /Users/runner/work/office/office/apps/ios/build/dd/Build/Intermediates.noindex/Office.build/Debug-iphonesimulator/OfficeTests.build/OfficeTests-generated-files.hmap -Xcc -I/Users/runner/work/office/office/apps/ios/build/dd/Build/Intermediates.noindex/Office.build/Debug-iphonesimulator/OfficeTests.build/OfficeTests-own-target-headers.hmap -Xcc -I/Users/runner/work/office/office/apps/ios/build/dd/Build/Intermediates.noindex/Office.build/Debug-iphonesimulator/OfficeTests.build/OfficeTests-all-target-headers.hmap -Xcc -iquote -Xcc /Users/runner/work/office/office/apps/ios/build/dd/Build/Intermediates.noindex/Office.build/Debug-iphonesimulator/OfficeTests.build/OfficeTests-project-headers.hmap -Xcc -I/Users/runner/work/office/office/apps/ios/build/dd/Build/Products/Debug-iphonesimulator/include -Xcc -I/Users/runner/work/office/office/apps/ios/build/dd/Build/Intermediates.noindex/Office.build/Debug-iphonesimulator/OfficeTests.build/DerivedSources-normal/arm64 -Xcc -I/Users/runner/work/office/office/apps/ios/build/dd/Build/Intermediates.noindex/Office.build/Debug-iphonesimulator/OfficeTests.build/DerivedSources/arm64 -Xcc -I/Users/runner/work/office/office/apps/ios/build/dd/Build/Intermediates.noindex/Office.build/Debug-iphonesimulator/OfficeTests.build/DerivedSources -Xcc -DDEBUG\=1 -emit-objc-header -emit-objc-header-path /Users/runner/work/office/office/apps/ios/build/dd/Build/Intermediates.noindex/Office.build/Debug-iphonesimulator/OfficeTests.build/Objects-normal/arm64/OfficeTests-Swift.h -working-directory /Users/runner/work/office/office/apps/ios -experimental-emit-module-separately -disable-cmo

SwiftEmitModule normal arm64 Emitting\ module\ for\ OfficeTests (in target 'OfficeTests' from project 'Office')
SwiftCompile normal arm64 /Users/runner/work/office/office/apps/ios/OfficeTests/CoreTests.swift (in target 'OfficeTests' from project 'Office')
    cd /Users/runner/work/office/office/apps/ios
    

SwiftCompile normal arm64 Compiling\ CoreTests.swift /Users/runner/work/office/office/apps/ios/OfficeTests/CoreTests.swift (in target 'OfficeTests' from project 'Office')
SwiftCompile normal arm64 /Users/runner/work/office/office/apps/ios/OfficeTests/CoreTests.swift (in target 'OfficeTests' from project 'Office')
    cd /Users/runner/work/office/office/apps/ios
    

SwiftDriverJobDiscovery normal arm64 Compiling OfficeApp.swift, OrdoScreen.swift, Ornaments.swift, Prose.swift, Reminders.swift, RemindersScreen.swift (in target 'Office' from project 'Office')

SwiftDriverJobDiscovery normal arm64 Compiling Blocks.swift, Chrome.swift, HomeScreen.swift, HourScreen.swift, Model.swift, Niche.swift (in target 'Office' from project 'Office')

SwiftDriver\ Compilation Office normal arm64 com.apple.xcode.tools.swift.compiler (in target 'Office' from project 'Office')
    cd /Users/runner/work/office/office/apps/ios
    builtin-Swift-Compilation -- /Applications/Xcode_16.4.app/Contents/Developer/Toolchains/XcodeDefault.xctoolchain/usr/bin/swiftc -module-name Office -Onone -enforce-exclusivity\=checked @/Users/runner/work/office/office/apps/ios/build/dd/Build/Intermediates.noindex/Office.build/Debug-iphonesimulator/Office.build/Objects-normal/arm64/Office.SwiftFileList -DDEBUG -enable-bare-slash-regex -enable-experimental-feature DebugDescriptionMacro -sdk /Applications/Xcode_16.4.app/Contents/Developer/Platforms/iPhoneSimulator.platform/Developer/SDKs/iPhoneSimulator18.5.sdk -target arm64-apple-ios17.0-simulator -g -module-cache-path /Users/runner/work/office/office/apps/ios/build/dd/ModuleCache.noindex -Xfrontend -serialize-debugging-options -enable-testing -index-store-path /Users/runner/work/office/office/apps/ios/build/dd/Index.noindex/DataStore -swift-version 5 -I /Users/runner/work/office/office/apps/ios/build/dd/Build/Products/Debug-iphonesimulator -F /Users/runner/work/office/office/apps/ios/build/dd/Build/Products/Debug-iphonesimulator -F build -c -j3 -enable-batch-mode -incremental -Xcc -ivfsstatcache -Xcc /Users/runner/work/office/office/apps/ios/build/dd/SDKStatCaches.noindex/iphonesimulator18.5-22F76-96ae0914227b19deccb34b33ba7b5dea.sdkstatcache -output-file-map /Users/runner/work/office/office/apps/ios/build/dd/Build/Intermediates.noindex/Office.build/Debug-iphonesimulator/Office.build/Objects-normal/arm64/Office-OutputFileMap.json -use-frontend-parseable-output -save-temps -no-color-diagnostics -serialize-diagnostics -emit-dependencies -emit-module -emit-module-path /Users/runner/work/office/office/apps/ios/build/dd/Build/Intermediates.noindex/Office.build/Debug-iphonesimulator/Office.build/Objects-normal/arm64/Office.swiftmodule -validate-clang-modules-once -clang-build-session-file /Users/runner/work/office/office/apps/ios/build/dd/ModuleCache.noindex/Session.modulevalidation -Xcc -I/Users/runner/work/office/office/apps/ios/build/dd/Build/Intermediates.noindex/Office.build/Debug-iphonesimulator/Office.build/swift-overrides.hmap -emit-const-values -Xfrontend -const-gather-protocols-file -Xfrontend /Users/runner/work/office/office/apps/ios/build/dd/Build/Intermediates.noindex/Office.build/Debug-iphonesimulator/Office.build/Objects-normal/arm64/Office_const_extract_protocols.json -Xcc -iquote -Xcc /Users/runner/work/office/office/apps/ios/build/dd/Build/Intermediates.noindex/Office.build/Debug-iphonesimulator/Office.build/Office-generated-files.hmap -Xcc -I/Users/runner/work/office/office/apps/ios/build/dd/Build/Intermediates.noindex/Office.build/Debug-iphonesimulator/Office.build/Office-own-target-headers.hmap -Xcc -I/Users/runner/work/office/office/apps/ios/build/dd/Build/Intermediates.noindex/Office.build/Debug-iphonesimulator/Office.build/Office-all-target-headers.hmap -Xcc -iquote -Xcc /Users/runner/work/office/office/apps/ios/build/dd/Build/Intermediates.noindex/Office.build/Debug-iphonesimulator/Office.build/Office-project-headers.hmap -Xcc -I/Users/runner/work/office/office/apps/ios/build/dd/Build/Products/Debug-iphonesimulator/include -Xcc -I/Users/runner/work/office/office/apps/ios/build/dd/Build/Intermediates.noindex/Office.build/Debug-iphonesimulator/Office.build/DerivedSources-normal/arm64 -Xcc -I/Users/runner/work/office/office/apps/ios/build/dd/Build/Intermediates.noindex/Office.build/Debug-iphonesimulator/Office.build/DerivedSources/arm64 -Xcc -I/Users/runner/work/office/office/apps/ios/build/dd/Build/Intermediates.noindex/Office.build/Debug-iphonesimulator/Office.build/DerivedSources -Xcc -DDEBUG\=1 -emit-objc-header -emit-objc-header-path /Users/runner/work/office/office/apps/ios/build/dd/Build/Intermediates.noindex/Office.build/Debug-iphonesimulator/Office.build/Objects-normal/arm64/Office-Swift.h -working-directory /Users/runner/work/office/office/apps/ios -experimental-emit-module-separately -disable-cmo

Ld /Users/runner/work/office/office/apps/ios/build/dd/Build/Products/Debug-iphonesimulator/Office.app/Office.debug.dylib normal (in target 'Office' from project 'Office')
    cd /Users/runner/work/office/office/apps/ios
    /Applications/Xcode_16.4.app/Contents/Developer/Toolchains/XcodeDefault.xctoolchain/usr/bin/clang -Xlinker -reproducible -target arm64-apple-ios17.0-simulator -dynamiclib -isysroot /Applications/Xcode_16.4.app/Contents/Developer/Platforms/iPhoneSimulator.platform/Developer/SDKs/iPhoneSimulator18.5.sdk -O0 -L/Users/runner/work/office/office/apps/ios/build/dd/Build/Intermediates.noindex/EagerLinkingTBDs/Debug-iphonesimulator -L/Users/runner/work/office/office/apps/ios/build/dd/Build/Products/Debug-iphonesimulator -F/Users/runner/work/office/office/apps/ios/build/dd/Build/Intermediates.noindex/EagerLinkingTBDs/Debug-iphonesimulator -F/Users/runner/work/office/office/apps/ios/build/dd/Build/Products/Debug-iphonesimulator -Fbuild -filelist /Users/runner/work/office/office/apps/ios/build/dd/Build/Intermediates.noindex/Office.build/Debug-iphonesimulator/Office.build/Objects-normal/arm64/Office.LinkFileList -install_name @rpath/Office.debug.dylib -Xlinker -rpath -Xlinker @executable_path/Frameworks -dead_strip -Xlinker -object_path_lto -Xlinker /Users/runner/work/office/office/apps/ios/build/dd/Build/Intermediates.noindex/Office.build/Debug-iphonesimulator/Office.build/Objects-normal/arm64/Office_lto.o -rdynamic -Xlinker -no_deduplicate -Xlinker -objc_abi_version -Xlinker 2 -Xlinker -dependency_info -Xlinker /Users/runner/work/office/office/apps/ios/build/dd/Build/Intermediates.noindex/Office.build/Debug-iphonesimulator/Office.build/Objects-normal/arm64/Office_dependency_info.dat -fobjc-link-runtime -L/Applications/Xcode_16.4.app/Contents/Developer/Toolchains/XcodeDefault.xctoolchain/usr/lib/swift/iphonesimulator -L/usr/lib/swift -Xlinker -add_ast_path -Xlinker /Users/runner/work/office/office/apps/ios/build/dd/Build/Intermediates.noindex/Office.build/Debug-iphonesimulator/Office.build/Objects-normal/arm64/Office.swiftmodule -Xlinker -alias -Xlinker _main -Xlinker ___debug_main_executable_dylib_entry_point -loffice_mobile -Xlinker -no_adhoc_codesign -o /Users/runner/work/office/office/apps/ios/build/dd/Build/Products/Debug-iphonesimulator/Office.app/Office.debug.dylib

ConstructStubExecutorLinkFileList /Users/runner/work/office/office/apps/ios/build/dd/Build/Intermediates.noindex/Office.build/Debug-iphonesimulator/Office.build/Office-ExecutorLinkFileList-normal-arm64.txt (in target 'Office' from project 'Office')
    cd /Users/runner/work/office/office/apps/ios
    construct-stub-executor-link-file-list /Users/runner/work/office/office/apps/ios/build/dd/Build/Products/Debug-iphonesimulator/Office.app/Office.debug.dylib /Applications/Xcode_16.4.app/Contents/Developer/Platforms/iPhoneSimulator.platform/Developer/usr/lib/libPreviewsJITStubExecutor_no_swift_entry_point.a /Applications/Xcode_16.4.app/Contents/Developer/Platforms/iPhoneSimulator.platform/Developer/usr/lib/libPreviewsJITStubExecutor.a --output /Users/runner/work/office/office/apps/ios/build/dd/Build/Intermediates.noindex/Office.build/Debug-iphonesimulator/Office.build/Office-ExecutorLinkFileList-normal-arm64.txt
note: Using stub executor library with Swift entry point. (in target 'Office' from project 'Office')

Ld /Users/runner/work/office/office/apps/ios/build/dd/Build/Products/Debug-iphonesimulator/Office.app/Office normal (in target 'Office' from project 'Office')
    cd /Users/runner/work/office/office/apps/ios
    /Applications/Xcode_16.4.app/Contents/Developer/Toolchains/XcodeDefault.xctoolchain/usr/bin/clang -Xlinker -reproducible -target arm64-apple-ios17.0-simulator -isysroot /Applications/Xcode_16.4.app/Contents/Developer/Platforms/iPhoneSimulator.platform/Developer/SDKs/iPhoneSimulator18.5.sdk -O0 -L/Users/runner/work/office/office/apps/ios/build/dd/Build/Products/Debug-iphonesimulator -F/Users/runner/work/office/office/apps/ios/build/dd/Build/Products/Debug-iphonesimulator -Fbuild -Xlinker -rpath -Xlinker @executable_path -Xlinker -rpath -Xlinker @executable_path/Frameworks -rdynamic -Xlinker -no_deduplicate -Xlinker -objc_abi_version -Xlinker 2 -e ___debug_blank_executor_main -Xlinker -sectcreate -Xlinker __TEXT -Xlinker __debug_dylib -Xlinker /Users/runner/work/office/office/apps/ios/build/dd/Build/Intermediates.noindex/Office.build/Debug-iphonesimulator/Office.build/Office-DebugDylibPath-normal-arm64.txt -Xlinker -sectcreate -Xlinker __TEXT -Xlinker __debug_instlnm -Xlinker /Users/runner/work/office/office/apps/ios/build/dd/Build/Intermediates.noindex/Office.build/Debug-iphonesimulator/Office.build/Office-DebugDylibInstallName-normal-arm64.txt -Xlinker -filelist -Xlinker /Users/runner/work/office/office/apps/ios/build/dd/Build/Intermediates.noindex/Office.build/Debug-iphonesimulator/Office.build/Office-ExecutorLinkFileList-normal-arm64.txt -Xlinker -sectcreate -Xlinker __TEXT -Xlinker __entitlements -Xlinker /Users/runner/work/office/office/apps/ios/build/dd/Build/Intermediates.noindex/Office.build/Debug-iphonesimulator/Office.build/Office.app-Simulated.xcent -Xlinker -sectcreate -Xlinker __TEXT -Xlinker __ents_der -Xlinker /Users/runner/work/office/office/apps/ios/build/dd/Build/Intermediates.noindex/Office.build/Debug-iphonesimulator/Office.build/Office.app-Simulated.xcent.der /Users/runner/work/office/office/apps/ios/build/dd/Build/Products/Debug-iphonesimulator/Office.app/Office.debug.dylib -Xlinker -no_adhoc_codesign -o /Users/runner/work/office/office/apps/ios/build/dd/Build/Products/Debug-iphonesimulator/Office.app/Office

ExtractAppIntentsMetadata (in target 'Office' from project 'Office')
    cd /Users/runner/work/office/office/apps/ios
    /Applications/Xcode_16.4.app/Contents/Developer/Toolchains/XcodeDefault.xctoolchain/usr/bin/appintentsmetadataprocessor --toolchain-dir /Applications/Xcode_16.4.app/Contents/Developer/Toolchains/XcodeDefault.xctoolchain --module-name Office --sdk-root /Applications/Xcode_16.4.app/Contents/Developer/Platforms/iPhoneSimulator.platform/Developer/SDKs/iPhoneSimulator18.5.sdk --xcode-version 16F6 --platform-family iOS --deployment-target 17.0 --bundle-identifier org.orthodoxwest.office.preview --output /Users/runner/work/office/office/apps/ios/build/dd/Build/Products/Debug-iphonesimulator/Office.app --target-triple arm64-apple-ios17.0-simulator --binary-file /Users/runner/work/office/office/apps/ios/build/dd/Build/Products/Debug-iphonesimulator/Office.app/Office --dependency-file /Users/runner/work/office/office/apps/ios/build/dd/Build/Intermediates.noindex/Office.build/Debug-iphonesimulator/Office.build/Objects-normal/arm64/Office_dependency_info.dat --stringsdata-file /Users/runner/work/office/office/apps/ios/build/dd/Build/Intermediates.noindex/Office.build/Debug-iphonesimulator/Office.build/Objects-normal/arm64/ExtractedAppShortcutsMetadata.stringsdata --source-file-list /Users/runner/work/office/office/apps/ios/build/dd/Build/Intermediates.noindex/Office.build/Debug-iphonesimulator/Office.build/Objects-normal/arm64/Office.SwiftFileList --metadata-file-list /Users/runner/work/office/office/apps/ios/build/dd/Build/Intermediates.noindex/Office.build/Debug-iphonesimulator/Office.build/Office.DependencyMetadataFileList --static-metadata-file-list /Users/runner/work/office/office/apps/ios/build/dd/Build/Intermediates.noindex/Office.build/Debug-iphonesimulator/Office.build/Office.DependencyStaticMetadataFileList --swift-const-vals-list /Users/runner/work/office/office/apps/ios/build/dd/Build/Intermediates.noindex/Office.build/Debug-iphonesimulator/Office.build/Objects-normal/arm64/Office.SwiftConstValuesFileList --compile-time-extraction --deployment-aware-processing --validate-assistant-intents --no-app-shortcuts-localization
2026-10-05 16:30:32.785 appintentsmetadataprocessor[3548:14028] Starting appintentsmetadataprocessor export
2026-10-05 16:30:32.799 appintentsmetadataprocessor[3548:14028] warning: Metadata extraction skipped. No AppIntents.framework dependency found.

CopySwiftLibs /Users/runner/work/office/office/apps/ios/build/dd/Build/Products/Debug-iphonesimulator/Office.app (in target 'Office' from project 'Office')
    cd /Users/runner/work/office/office/apps/ios
    builtin-swiftStdLibTool --copy --verbose --sign - --scan-executable /Users/runner/work/office/office/apps/ios/build/dd/Build/Products/Debug-iphonesimulator/Office.app/Office.debug.dylib --scan-folder /Users/runner/work/office/office/apps/ios/build/dd/Build/Products/Debug-iphonesimulator/Office.app/Frameworks --scan-folder /Users/runner/work/office/office/apps/ios/build/dd/Build/Products/Debug-iphonesimulator/Office.app/PlugIns --scan-folder /Users/runner/work/office/office/apps/ios/build/dd/Build/Products/Debug-iphonesimulator/Office.app/SystemExtensions --scan-folder /Users/runner/work/office/office/apps/ios/build/dd/Build/Products/Debug-iphonesimulator/Office.app/Extensions --platform iphonesimulator --toolchain /Applications/Xcode_16.4.app/Contents/Developer/Toolchains/XcodeDefault.xctoolchain --destination /Users/runner/work/office/office/apps/ios/build/dd/Build/Products/Debug-iphonesimulator/Office.app/Frameworks --strip-bitcode --strip-bitcode-tool /Applications/Xcode_16.4.app/Contents/Developer/Toolchains/XcodeDefault.xctoolchain/usr/bin/bitcode_strip --emit-dependency-info /Users/runner/work/office/office/apps/ios/build/dd/Build/Intermediates.noindex/Office.build/Debug-iphonesimulator/Office.build/SwiftStdLibToolInputDependencies.dep --filter-for-swift-os

AppIntentsSSUTraining (in target 'Office' from project 'Office')
    cd /Users/runner/work/office/office/apps/ios
    /Applications/Xcode_16.4.app/Contents/Developer/Toolchains/XcodeDefault.xctoolchain/usr/bin/appintentsnltrainingprocessor --infoplist-path /Users/runner/work/office/office/apps/ios/build/dd/Build/Products/Debug-iphonesimulator/Office.app/Info.plist --temp-dir-path /Users/runner/work/office/office/apps/ios/build/dd/Build/Intermediates.noindex/Office.build/Debug-iphonesimulator/Office.build/ssu --bundle-id org.orthodoxwest.office.preview --product-path /Users/runner/work/office/office/apps/ios/build/dd/Build/Products/Debug-iphonesimulator/Office.app --extracted-metadata-path /Users/runner/work/office/office/apps/ios/build/dd/Build/Products/Debug-iphonesimulator/Office.app/Metadata.appintents --metadata-file-list /Users/runner/work/office/office/apps/ios/build/dd/Build/Intermediates.noindex/Office.build/Debug-iphonesimulator/Office.build/Office.DependencyMetadataFileList --archive-ssu-assets
2026-10-05 16:30:33.098 appintentsnltrainingprocessor[3554:14063] Parsing options for appintentsnltrainingprocessor
2026-10-05 16:30:33.102 appintentsnltrainingprocessor[3554:14063] No AppShortcuts found - Skipping.

ProcessInfoPlistFile /Users/runner/work/office/office/apps/ios/build/dd/Build/Products/Debug-iphonesimulator/Office.app/PlugIns/OfficeTests.xctest/Info.plist /Users/runner/work/office/office/apps/ios/build/dd/Build/Intermediates.noindex/Office.build/Debug-iphonesimulator/OfficeTests.build/empty-OfficeTests.plist (in target 'OfficeTests' from project 'Office')
    cd /Users/runner/work/office/office/apps/ios
    builtin-infoPlistUtility /Users/runner/work/office/office/apps/ios/build/dd/Build/Intermediates.noindex/Office.build/Debug-iphonesimulator/OfficeTests.build/empty-OfficeTests.plist -producttype com.apple.product-type.bundle.unit-test -expandbuildsettings -format binary -platform iphonesimulator -o /Users/runner/work/office/office/apps/ios/build/dd/Build/Products/Debug-iphonesimulator/Office.app/PlugIns/OfficeTests.xctest/Info.plist

SwiftDriverJobDiscovery normal arm64 Emitting module for OfficeTests (in target 'OfficeTests' from project 'Office')

SwiftDriver\ Compilation\ Requirements OfficeTests normal arm64 com.apple.xcode.tools.swift.compiler (in target 'OfficeTests' from project 'Office')
    cd /Users/runner/work/office/office/apps/ios
    builtin-Swift-Compilation-Requirements -- /Applications/Xcode_16.4.app/Contents/Developer/Toolchains/XcodeDefault.xctoolchain/usr/bin/swiftc -module-name OfficeTests -Onone -enforce-exclusivity\=checked @/Users/runner/work/office/office/apps/ios/build/dd/Build/Intermediates.noindex/Office.build/Debug-iphonesimulator/OfficeTests.build/Objects-normal/arm64/OfficeTests.SwiftFileList -DDEBUG -plugin-path /Applications/Xcode_16.4.app/Contents/Developer/Toolchains/XcodeDefault.xctoolchain/usr/lib/swift/host/plugins/testing -enable-bare-slash-regex -enable-experimental-feature DebugDescriptionMacro -sdk /Applications/Xcode_16.4.app/Contents/Developer/Platforms/iPhoneSimulator.platform/Developer/SDKs/iPhoneSimulator18.5.sdk -target arm64-apple-ios17.0-simulator -g -module-cache-path /Users/runner/work/office/office/apps/ios/build/dd/ModuleCache.noindex -Xfrontend -serialize-debugging-options -enable-testing -index-store-path /Users/runner/work/office/office/apps/ios/build/dd/Index.noindex/DataStore -swift-version 5 -I /Users/runner/work/office/office/apps/ios/build/dd/Build/Products/Debug-iphonesimulator -I /Applications/Xcode_16.4.app/Contents/Developer/Platforms/iPhoneSimulator.platform/Developer/usr/lib -F /Users/runner/work/office/office/apps/ios/build/dd/Build/Products/Debug-iphonesimulator -F /Applications/Xcode_16.4.app/Contents/Developer/Platforms/iPhoneSimulator.platform/Developer/Library/Frameworks -F /Applications/Xcode_16.4.app/Contents/Developer/Platforms/iPhoneSimulator.platform/Developer/SDKs/iPhoneSimulator18.5.sdk/Developer/Library/Frameworks -parse-as-library -c -j3 -enable-batch-mode -incremental -Xcc -ivfsstatcache -Xcc /Users/runner/work/office/office/apps/ios/build/dd/SDKStatCaches.noindex/iphonesimulator18.5-22F76-96ae0914227b19deccb34b33ba7b5dea.sdkstatcache -output-file-map /Users/runner/work/office/office/apps/ios/build/dd/Build/Intermediates.noindex/Office.build/Debug-iphonesimulator/OfficeTests.build/Objects-normal/arm64/OfficeTests-OutputFileMap.json -use-frontend-parseable-output -save-temps -no-color-diagnostics -serialize-diagnostics -emit-dependencies -emit-module -emit-module-path /Users/runner/work/office/office/apps/ios/build/dd/Build/Intermediates.noindex/Office.build/Debug-iphonesimulator/OfficeTests.build/Objects-normal/arm64/OfficeTests.swiftmodule -validate-clang-modules-once -clang-build-session-file /Users/runner/work/office/office/apps/ios/build/dd/ModuleCache.noindex/Session.modulevalidation -Xcc -I/Users/runner/work/office/office/apps/ios/build/dd/Build/Intermediates.noindex/Office.build/Debug-iphonesimulator/OfficeTests.build/swift-overrides.hmap -emit-const-values -Xfrontend -const-gather-protocols-file -Xfrontend /Users/runner/work/office/office/apps/ios/build/dd/Build/Intermediates.noindex/Office.build/Debug-iphonesimulator/OfficeTests.build/Objects-normal/arm64/OfficeTests_const_extract_protocols.json -Xcc -iquote -Xcc /Users/runner/work/office/office/apps/ios/build/dd/Build/Intermediates.noindex/Office.build/Debug-iphonesimulator/OfficeTests.build/OfficeTests-generated-files.hmap -Xcc -I/Users/runner/work/office/office/apps/ios/build/dd/Build/Intermediates.noindex/Office.build/Debug-iphonesimulator/OfficeTests.build/OfficeTests-own-target-headers.hmap -Xcc -I/Users/runner/work/office/office/apps/ios/build/dd/Build/Intermediates.noindex/Office.build/Debug-iphonesimulator/OfficeTests.build/OfficeTests-all-target-headers.hmap -Xcc -iquote -Xcc /Users/runner/work/office/office/apps/ios/build/dd/Build/Intermediates.noindex/Office.build/Debug-iphonesimulator/OfficeTests.build/OfficeTests-project-headers.hmap -Xcc -I/Users/runner/work/office/office/apps/ios/build/dd/Build/Products/Debug-iphonesimulator/include -Xcc -I/Users/runner/work/office/office/apps/ios/build/dd/Build/Intermediates.noindex/Office.build/Debug-iphonesimulator/OfficeTests.build/DerivedSources-normal/arm64 -Xcc -I/Users/runner/work/office/office/apps/ios/build/dd/Build/Intermediates.noindex/Office.build/Debug-iphonesimulator/OfficeTests.build/DerivedSources/arm64 -Xcc -I/Users/runner/work/office/office/apps/ios/build/dd/Build/Intermediates.noindex/Office.build/Debug-iphonesimulator/OfficeTests.build/DerivedSources -Xcc -DDEBUG\=1 -emit-objc-header -emit-objc-header-path /Users/runner/work/office/office/apps/ios/build/dd/Build/Intermediates.noindex/Office.build/Debug-iphonesimulator/OfficeTests.build/Objects-normal/arm64/OfficeTests-Swift.h -working-directory /Users/runner/work/office/office/apps/ios -experimental-emit-module-separately -disable-cmo

SwiftMergeGeneratedHeaders /Users/runner/work/office/office/apps/ios/build/dd/Build/Intermediates.noindex/Office.build/Debug-iphonesimulator/OfficeTests.build/DerivedSources/OfficeTests-Swift.h /Users/runner/work/office/office/apps/ios/build/dd/Build/Intermediates.noindex/Office.build/Debug-iphonesimulator/OfficeTests.build/Objects-normal/arm64/OfficeTests-Swift.h (in target 'OfficeTests' from project 'Office')
    cd /Users/runner/work/office/office/apps/ios
    builtin-swiftHeaderTool -arch arm64 /Users/runner/work/office/office/apps/ios/build/dd/Build/Intermediates.noindex/Office.build/Debug-iphonesimulator/OfficeTests.build/Objects-normal/arm64/OfficeTests-Swift.h -o /Users/runner/work/office/office/apps/ios/build/dd/Build/Intermediates.noindex/Office.build/Debug-iphonesimulator/OfficeTests.build/DerivedSources/OfficeTests-Swift.h

Copy /Users/runner/work/office/office/apps/ios/build/dd/Build/Products/Debug-iphonesimulator/OfficeTests.swiftmodule/arm64-apple-ios-simulator.swiftmodule /Users/runner/work/office/office/apps/ios/build/dd/Build/Intermediates.noindex/Office.build/Debug-iphonesimulator/OfficeTests.build/Objects-normal/arm64/OfficeTests.swiftmodule (in target 'OfficeTests' from project 'Office')
    cd /Users/runner/work/office/office/apps/ios
    builtin-copy -exclude .DS_Store -exclude CVS -exclude .svn -exclude .git -exclude .hg -resolve-src-symlinks -rename /Users/runner/work/office/office/apps/ios/build/dd/Build/Intermediates.noindex/Office.build/Debug-iphonesimulator/OfficeTests.build/Objects-normal/arm64/OfficeTests.swiftmodule /Users/runner/work/office/office/apps/ios/build/dd/Build/Products/Debug-iphonesimulator/OfficeTests.swiftmodule/arm64-apple-ios-simulator.swiftmodule

Copy /Users/runner/work/office/office/apps/ios/build/dd/Build/Products/Debug-iphonesimulator/OfficeTests.swiftmodule/arm64-apple-ios-simulator.swiftdoc /Users/runner/work/office/office/apps/ios/build/dd/Build/Intermediates.noindex/Office.build/Debug-iphonesimulator/OfficeTests.build/Objects-normal/arm64/OfficeTests.swiftdoc (in target 'OfficeTests' from project 'Office')
    cd /Users/runner/work/office/office/apps/ios
    builtin-copy -exclude .DS_Store -exclude CVS -exclude .svn -exclude .git -exclude .hg -resolve-src-symlinks -rename /Users/runner/work/office/office/apps/ios/build/dd/Build/Intermediates.noindex/Office.build/Debug-iphonesimulator/OfficeTests.build/Objects-normal/arm64/OfficeTests.swiftdoc /Users/runner/work/office/office/apps/ios/build/dd/Build/Products/Debug-iphonesimulator/OfficeTests.swiftmodule/arm64-apple-ios-simulator.swiftdoc

Copy /Users/runner/work/office/office/apps/ios/build/dd/Build/Products/Debug-iphonesimulator/OfficeTests.swiftmodule/arm64-apple-ios-simulator.abi.json /Users/runner/work/office/office/apps/ios/build/dd/Build/Intermediates.noindex/Office.build/Debug-iphonesimulator/OfficeTests.build/Objects-normal/arm64/OfficeTests.abi.json (in target 'OfficeTests' from project 'Office')
    cd /Users/runner/work/office/office/apps/ios
    builtin-copy -exclude .DS_Store -exclude CVS -exclude .svn -exclude .git -exclude .hg -resolve-src-symlinks -rename /Users/runner/work/office/office/apps/ios/build/dd/Build/Intermediates.noindex/Office.build/Debug-iphonesimulator/OfficeTests.build/Objects-normal/arm64/OfficeTests.abi.json /Users/runner/work/office/office/apps/ios/build/dd/Build/Products/Debug-iphonesimulator/OfficeTests.swiftmodule/arm64-apple-ios-simulator.abi.json

Copy /Users/runner/work/office/office/apps/ios/build/dd/Build/Products/Debug-iphonesimulator/OfficeTests.swiftmodule/Project/arm64-apple-ios-simulator.swiftsourceinfo /Users/runner/work/office/office/apps/ios/build/dd/Build/Intermediates.noindex/Office.build/Debug-iphonesimulator/OfficeTests.build/Objects-normal/arm64/OfficeTests.swiftsourceinfo (in target 'OfficeTests' from project 'Office')
    cd /Users/runner/work/office/office/apps/ios
    builtin-copy -exclude .DS_Store -exclude CVS -exclude .svn -exclude .git -exclude .hg -resolve-src-symlinks -rename /Users/runner/work/office/office/apps/ios/build/dd/Build/Intermediates.noindex/Office.build/Debug-iphonesimulator/OfficeTests.build/Objects-normal/arm64/OfficeTests.swiftsourceinfo /Users/runner/work/office/office/apps/ios/build/dd/Build/Products/Debug-iphonesimulator/OfficeTests.swiftmodule/Project/arm64-apple-ios-simulator.swiftsourceinfo

SwiftDriverJobDiscovery normal arm64 Compiling CoreTests.swift (in target 'OfficeTests' from project 'Office')

SwiftDriver\ Compilation OfficeTests normal arm64 com.apple.xcode.tools.swift.compiler (in target 'OfficeTests' from project 'Office')
    cd /Users/runner/work/office/office/apps/ios
    builtin-Swift-Compilation -- /Applications/Xcode_16.4.app/Contents/Developer/Toolchains/XcodeDefault.xctoolchain/usr/bin/swiftc -module-name OfficeTests -Onone -enforce-exclusivity\=checked @/Users/runner/work/office/office/apps/ios/build/dd/Build/Intermediates.noindex/Office.build/Debug-iphonesimulator/OfficeTests.build/Objects-normal/arm64/OfficeTests.SwiftFileList -DDEBUG -plugin-path /Applications/Xcode_16.4.app/Contents/Developer/Toolchains/XcodeDefault.xctoolchain/usr/lib/swift/host/plugins/testing -enable-bare-slash-regex -enable-experimental-feature DebugDescriptionMacro -sdk /Applications/Xcode_16.4.app/Contents/Developer/Platforms/iPhoneSimulator.platform/Developer/SDKs/iPhoneSimulator18.5.sdk -target arm64-apple-ios17.0-simulator -g -module-cache-path /Users/runner/work/office/office/apps/ios/build/dd/ModuleCache.noindex -Xfrontend -serialize-debugging-options -enable-testing -index-store-path /Users/runner/work/office/office/apps/ios/build/dd/Index.noindex/DataStore -swift-version 5 -I /Users/runner/work/office/office/apps/ios/build/dd/Build/Products/Debug-iphonesimulator -I /Applications/Xcode_16.4.app/Contents/Developer/Platforms/iPhoneSimulator.platform/Developer/usr/lib -F /Users/runner/work/office/office/apps/ios/build/dd/Build/Products/Debug-iphonesimulator -F /Applications/Xcode_16.4.app/Contents/Developer/Platforms/iPhoneSimulator.platform/Developer/Library/Frameworks -F /Applications/Xcode_16.4.app/Contents/Developer/Platforms/iPhoneSimulator.platform/Developer/SDKs/iPhoneSimulator18.5.sdk/Developer/Library/Frameworks -parse-as-library -c -j3 -enable-batch-mode -incremental -Xcc -ivfsstatcache -Xcc /Users/runner/work/office/office/apps/ios/build/dd/SDKStatCaches.noindex/iphonesimulator18.5-22F76-96ae0914227b19deccb34b33ba7b5dea.sdkstatcache -output-file-map /Users/runner/work/office/office/apps/ios/build/dd/Build/Intermediates.noindex/Office.build/Debug-iphonesimulator/OfficeTests.build/Objects-normal/arm64/OfficeTests-OutputFileMap.json -use-frontend-parseable-output -save-temps -no-color-diagnostics -serialize-diagnostics -emit-dependencies -emit-module -emit-module-path /Users/runner/work/office/office/apps/ios/build/dd/Build/Intermediates.noindex/Office.build/Debug-iphonesimulator/OfficeTests.build/Objects-normal/arm64/OfficeTests.swiftmodule -validate-clang-modules-once -clang-build-session-file /Users/runner/work/office/office/apps/ios/build/dd/ModuleCache.noindex/Session.modulevalidation -Xcc -I/Users/runner/work/office/office/apps/ios/build/dd/Build/Intermediates.noindex/Office.build/Debug-iphonesimulator/OfficeTests.build/swift-overrides.hmap -emit-const-values -Xfrontend -const-gather-protocols-file -Xfrontend /Users/runner/work/office/office/apps/ios/build/dd/Build/Intermediates.noindex/Office.build/Debug-iphonesimulator/OfficeTests.build/Objects-normal/arm64/OfficeTests_const_extract_protocols.json -Xcc -iquote -Xcc /Users/runner/work/office/office/apps/ios/build/dd/Build/Intermediates.noindex/Office.build/Debug-iphonesimulator/OfficeTests.build/OfficeTests-generated-files.hmap -Xcc -I/Users/runner/work/office/office/apps/ios/build/dd/Build/Intermediates.noindex/Office.build/Debug-iphonesimulator/OfficeTests.build/OfficeTests-own-target-headers.hmap -Xcc -I/Users/runner/work/office/office/apps/ios/build/dd/Build/Intermediates.noindex/Office.build/Debug-iphonesimulator/OfficeTests.build/OfficeTests-all-target-headers.hmap -Xcc -iquote -Xcc /Users/runner/work/office/office/apps/ios/build/dd/Build/Intermediates.noindex/Office.build/Debug-iphonesimulator/OfficeTests.build/OfficeTests-project-headers.hmap -Xcc -I/Users/runner/work/office/office/apps/ios/build/dd/Build/Products/Debug-iphonesimulator/include -Xcc -I/Users/runner/work/office/office/apps/ios/build/dd/Build/Intermediates.noindex/Office.build/Debug-iphonesimulator/OfficeTests.build/DerivedSources-normal/arm64 -Xcc -I/Users/runner/work/office/office/apps/ios/build/dd/Build/Intermediates.noindex/Office.build/Debug-iphonesimulator/OfficeTests.build/DerivedSources/arm64 -Xcc -I/Users/runner/work/office/office/apps/ios/build/dd/Build/Intermediates.noindex/Office.build/Debug-iphonesimulator/OfficeTests.build/DerivedSources -Xcc -DDEBUG\=1 -emit-objc-header -emit-objc-header-path /Users/runner/work/office/office/apps/ios/build/dd/Build/Intermediates.noindex/Office.build/Debug-iphonesimulator/OfficeTests.build/Objects-normal/arm64/OfficeTests-Swift.h -working-directory /Users/runner/work/office/office/apps/ios -experimental-emit-module-separately -disable-cmo

Ld /Users/runner/work/office/office/apps/ios/build/dd/Build/Products/Debug-iphonesimulator/Office.app/PlugIns/OfficeTests.xctest/OfficeTests normal (in target 'OfficeTests' from project 'Office')
    cd /Users/runner/work/office/office/apps/ios
    /Applications/Xcode_16.4.app/Contents/Developer/Toolchains/XcodeDefault.xctoolchain/usr/bin/clang -Xlinker -reproducible -target arm64-apple-ios17.0-simulator -bundle -isysroot /Applications/Xcode_16.4.app/Contents/Developer/Platforms/iPhoneSimulator.platform/Developer/SDKs/iPhoneSimulator18.5.sdk -O0 -L/Users/runner/work/office/office/apps/ios/build/dd/Build/Intermediates.noindex/EagerLinkingTBDs/Debug-iphonesimulator -L/Users/runner/work/office/office/apps/ios/build/dd/Build/Products/Debug-iphonesimulator -L/Applications/Xcode_16.4.app/Contents/Developer/Platforms/iPhoneSimulator.platform/Developer/usr/lib -F/Users/runner/work/office/office/apps/ios/build/dd/Build/Intermediates.noindex/EagerLinkingTBDs/Debug-iphonesimulator -F/Users/runner/work/office/office/apps/ios/build/dd/Build/Products/Debug-iphonesimulator -iframework /Applications/Xcode_16.4.app/Contents/Developer/Platforms/iPhoneSimulator.platform/Developer/Library/Frameworks -iframework /Applications/Xcode_16.4.app/Contents/Developer/Platforms/iPhoneSimulator.platform/Developer/SDKs/iPhoneSimulator18.5.sdk/Developer/Library/Frameworks -filelist /Users/runner/work/office/office/apps/ios/build/dd/Build/Intermediates.noindex/Office.build/Debug-iphonesimulator/OfficeTests.build/Objects-normal/arm64/OfficeTests.LinkFileList -Xlinker -rpath -Xlinker @loader_path/Frameworks -Xlinker -rpath -Xlinker @executable_path/Frameworks -dead_strip -bundle_loader /Users/runner/work/office/office/apps/ios/build/dd/Build/Products/Debug-iphonesimulator/Office.app/Office -Xlinker -object_path_lto -Xlinker /Users/runner/work/office/office/apps/ios/build/dd/Build/Intermediates.noindex/Office.build/Debug-iphonesimulator/OfficeTests.build/Objects-normal/arm64/OfficeTests_lto.o -rdynamic -Xlinker -no_deduplicate -Xlinker -objc_abi_version -Xlinker 2 -Xlinker -dependency_info -Xlinker /Users/runner/work/office/office/apps/ios/build/dd/Build/Intermediates.noindex/Office.build/Debug-iphonesimulator/OfficeTests.build/Objects-normal/arm64/OfficeTests_dependency_info.dat -fobjc-link-runtime -L/Applications/Xcode_16.4.app/Contents/Developer/Toolchains/XcodeDefault.xctoolchain/usr/lib/swift/iphonesimulator -L/usr/lib/swift -Xlinker -add_ast_path -Xlinker /Users/runner/work/office/office/apps/ios/build/dd/Build/Intermediates.noindex/Office.build/Debug-iphonesimulator/OfficeTests.build/Objects-normal/arm64/OfficeTests.swiftmodule -framework XCTest -lXCTestSwiftSupport /Users/runner/work/office/office/apps/ios/build/dd/Build/Products/Debug-iphonesimulator/Office.app/Office.debug.dylib -Xlinker -no_adhoc_codesign -o /Users/runner/work/office/office/apps/ios/build/dd/Build/Products/Debug-iphonesimulator/Office.app/PlugIns/OfficeTests.xctest/OfficeTests

CopySwiftLibs /Users/runner/work/office/office/apps/ios/build/dd/Build/Products/Debug-iphonesimulator/Office.app/PlugIns/OfficeTests.xctest (in target 'OfficeTests' from project 'Office')
    cd /Users/runner/work/office/office/apps/ios
    builtin-swiftStdLibTool --copy --verbose --sign - --scan-executable /Users/runner/work/office/office/apps/ios/build/dd/Build/Products/Debug-iphonesimulator/Office.app/PlugIns/OfficeTests.xctest/OfficeTests --scan-folder /Users/runner/work/office/office/apps/ios/build/dd/Build/Products/Debug-iphonesimulator/Office.app/PlugIns/OfficeTests.xctest/Frameworks --scan-folder /Users/runner/work/office/office/apps/ios/build/dd/Build/Products/Debug-iphonesimulator/Office.app/PlugIns/OfficeTests.xctest/PlugIns --scan-folder /Users/runner/work/office/office/apps/ios/build/dd/Build/Products/Debug-iphonesimulator/Office.app/PlugIns/OfficeTests.xctest/SystemExtensions --scan-folder /Users/runner/work/office/office/apps/ios/build/dd/Build/Products/Debug-iphonesimulator/Office.app/PlugIns/OfficeTests.xctest/Extensions --platform iphonesimulator --toolchain /Applications/Xcode_16.4.app/Contents/Developer/Toolchains/XcodeDefault.xctoolchain --destination /Users/runner/work/office/office/apps/ios/build/dd/Build/Products/Debug-iphonesimulator/Office.app/PlugIns/OfficeTests.xctest/Frameworks --strip-bitcode --scan-executable /Applications/Xcode_16.4.app/Contents/Developer/Platforms/iPhoneSimulator.platform/Developer/usr/lib/libXCTestSwiftSupport.dylib --strip-bitcode-tool /Applications/Xcode_16.4.app/Contents/Developer/Toolchains/XcodeDefault.xctoolchain/usr/bin/bitcode_strip --emit-dependency-info /Users/runner/work/office/office/apps/ios/build/dd/Build/Intermediates.noindex/Office.build/Debug-iphonesimulator/OfficeTests.build/SwiftStdLibToolInputDependencies.dep --filter-for-swift-os

ExtractAppIntentsMetadata (in target 'OfficeTests' from project 'Office')
    cd /Users/runner/work/office/office/apps/ios
    /Applications/Xcode_16.4.app/Contents/Developer/Toolchains/XcodeDefault.xctoolchain/usr/bin/appintentsmetadataprocessor --toolchain-dir /Applications/Xcode_16.4.app/Contents/Developer/Toolchains/XcodeDefault.xctoolchain --module-name OfficeTests --sdk-root /Applications/Xcode_16.4.app/Contents/Developer/Platforms/iPhoneSimulator.platform/Developer/SDKs/iPhoneSimulator18.5.sdk --xcode-version 16F6 --platform-family iOS --deployment-target 17.0 --bundle-identifier org.orthodoxwest.OfficeTests --output /Users/runner/work/office/office/apps/ios/build/dd/Build/Products/Debug-iphonesimulator/Office.app/PlugIns/OfficeTests.xctest --target-triple arm64-apple-ios17.0-simulator --binary-file /Users/runner/work/office/office/apps/ios/build/dd/Build/Products/Debug-iphonesimulator/Office.app/PlugIns/OfficeTests.xctest/OfficeTests --dependency-file /Users/runner/work/office/office/apps/ios/build/dd/Build/Intermediates.noindex/Office.build/Debug-iphonesimulator/OfficeTests.build/Objects-normal/arm64/OfficeTests_dependency_info.dat --stringsdata-file /Users/runner/work/office/office/apps/ios/build/dd/Build/Intermediates.noindex/Office.build/Debug-iphonesimulator/OfficeTests.build/Objects-normal/arm64/ExtractedAppShortcutsMetadata.stringsdata --source-file-list /Users/runner/work/office/office/apps/ios/build/dd/Build/Intermediates.noindex/Office.build/Debug-iphonesimulator/OfficeTests.build/Objects-normal/arm64/OfficeTests.SwiftFileList --metadata-file-list /Users/runner/work/office/office/apps/ios/build/dd/Build/Intermediates.noindex/Office.build/Debug-iphonesimulator/OfficeTests.build/OfficeTests.DependencyMetadataFileList --static-metadata-file-list /Users/runner/work/office/office/apps/ios/build/dd/Build/Intermediates.noindex/Office.build/Debug-iphonesimulator/OfficeTests.build/OfficeTests.DependencyStaticMetadataFileList --swift-const-vals-list /Users/runner/work/office/office/apps/ios/build/dd/Build/Intermediates.noindex/Office.build/Debug-iphonesimulator/OfficeTests.build/Objects-normal/arm64/OfficeTests.SwiftConstValuesFileList --compile-time-extraction --deployment-aware-processing --validate-assistant-intents --no-app-shortcuts-localization
2026-10-05 16:30:39.530 appintentsmetadataprocessor[3600:14431] Starting appintentsmetadataprocessor export
2026-10-05 16:30:39.534 appintentsmetadataprocessor[3600:14431] warning: Metadata extraction skipped. No AppIntents.framework dependency found.

AppIntentsSSUTraining (in target 'OfficeTests' from project 'Office')
    cd /Users/runner/work/office/office/apps/ios
    /Applications/Xcode_16.4.app/Contents/Developer/Toolchains/XcodeDefault.xctoolchain/usr/bin/appintentsnltrainingprocessor --infoplist-path /Users/runner/work/office/office/apps/ios/build/dd/Build/Products/Debug-iphonesimulator/Office.app/PlugIns/OfficeTests.xctest/Info.plist --temp-dir-path /Users/runner/work/office/office/apps/ios/build/dd/Build/Intermediates.noindex/Office.build/Debug-iphonesimulator/OfficeTests.build/ssu --bundle-id org.orthodoxwest.OfficeTests --product-path /Users/runner/work/office/office/apps/ios/build/dd/Build/Products/Debug-iphonesimulator/Office.app/PlugIns/OfficeTests.xctest --extracted-metadata-path /Users/runner/work/office/office/apps/ios/build/dd/Build/Products/Debug-iphonesimulator/Office.app/PlugIns/OfficeTests.xctest/Metadata.appintents --metadata-file-list /Users/runner/work/office/office/apps/ios/build/dd/Build/Intermediates.noindex/Office.build/Debug-iphonesimulator/OfficeTests.build/OfficeTests.DependencyMetadataFileList --archive-ssu-assets
2026-10-05 16:30:39.559 appintentsnltrainingprocessor[3601:14432] Parsing options for appintentsnltrainingprocessor
2026-10-05 16:30:39.561 appintentsnltrainingprocessor[3601:14432] No AppShortcuts found - Skipping.

CodeSign /Users/runner/work/office/office/apps/ios/build/dd/Build/Products/Debug-iphonesimulator/Office.app/PlugIns/OfficeTests.xctest (in target 'OfficeTests' from project 'Office')
    cd /Users/runner/work/office/office/apps/ios
    
    Signing Identity:     "Sign to Run Locally"
    
    /usr/bin/codesign --force --sign - --timestamp\=none --generate-entitlement-der /Users/runner/work/office/office/apps/ios/build/dd/Build/Products/Debug-iphonesimulator/Office.app/PlugIns/OfficeTests.xctest

RegisterExecutionPolicyException /Users/runner/work/office/office/apps/ios/build/dd/Build/Products/Debug-iphonesimulator/Office.app/PlugIns/OfficeTests.xctest (in target 'OfficeTests' from project 'Office')
    cd /Users/runner/work/office/office/apps/ios
    builtin-RegisterExecutionPolicyException /Users/runner/work/office/office/apps/ios/build/dd/Build/Products/Debug-iphonesimulator/Office.app/PlugIns/OfficeTests.xctest

Touch /Users/runner/work/office/office/apps/ios/build/dd/Build/Products/Debug-iphonesimulator/Office.app/PlugIns/OfficeTests.xctest (in target 'OfficeTests' from project 'Office')
    cd /Users/runner/work/office/office/apps/ios
    /usr/bin/touch -c /Users/runner/work/office/office/apps/ios/build/dd/Build/Products/Debug-iphonesimulator/Office.app/PlugIns/OfficeTests.xctest

CodeSign /Users/runner/work/office/office/apps/ios/build/dd/Build/Products/Debug-iphonesimulator/Office.app/Office.debug.dylib (in target 'Office' from project 'Office')
    cd /Users/runner/work/office/office/apps/ios
    
    Signing Identity:     "Sign to Run Locally"
    
    /usr/bin/codesign --force --sign - --timestamp\=none --generate-entitlement-der /Users/runner/work/office/office/apps/ios/build/dd/Build/Products/Debug-iphonesimulator/Office.app/Office.debug.dylib

CodeSign /Users/runner/work/office/office/apps/ios/build/dd/Build/Products/Debug-iphonesimulator/Office.app/__preview.dylib (in target 'Office' from project 'Office')
    cd /Users/runner/work/office/office/apps/ios
    
    Signing Identity:     "Sign to Run Locally"
    
    /usr/bin/codesign --force --sign - --timestamp\=none --generate-entitlement-der /Users/runner/work/office/office/apps/ios/build/dd/Build/Products/Debug-iphonesimulator/Office.app/__preview.dylib

CodeSign /Users/runner/work/office/office/apps/ios/build/dd/Build/Products/Debug-iphonesimulator/Office.app (in target 'Office' from project 'Office')
    cd /Users/runner/work/office/office/apps/ios
    
    Signing Identity:     "Sign to Run Locally"
    
    /usr/bin/codesign --force --sign - --timestamp\=none --generate-entitlement-der /Users/runner/work/office/office/apps/ios/build/dd/Build/Products/Debug-iphonesimulator/Office.app

RegisterExecutionPolicyException /Users/runner/work/office/office/apps/ios/build/dd/Build/Products/Debug-iphonesimulator/Office.app (in target 'Office' from project 'Office')
    cd /Users/runner/work/office/office/apps/ios
    builtin-RegisterExecutionPolicyException /Users/runner/work/office/office/apps/ios/build/dd/Build/Products/Debug-iphonesimulator/Office.app

Validate /Users/runner/work/office/office/apps/ios/build/dd/Build/Products/Debug-iphonesimulator/Office.app (in target 'Office' from project 'Office')
    cd /Users/runner/work/office/office/apps/ios
    builtin-validationUtility /Users/runner/work/office/office/apps/ios/build/dd/Build/Products/Debug-iphonesimulator/Office.app -infoplist-subpath Info.plist

Touch /Users/runner/work/office/office/apps/ios/build/dd/Build/Products/Debug-iphonesimulator/Office.app (in target 'Office' from project 'Office')
    cd /Users/runner/work/office/office/apps/ios
    /usr/bin/touch -c /Users/runner/work/office/office/apps/ios/build/dd/Build/Products/Debug-iphonesimulator/Office.app

2026-10-05 16:38:52.825060+0000 Office[19982:57046] [framework] CoreUI: CUIThemeStore: No theme registered with id=0
2026-10-05 16:38:52.826220+0000 Office[19982:57046] [framework] CoreUI: CUIThemeStore: No theme registered with id=0
2026-10-05 16:38:52.957191+0000 Office[19982:57719] [General] Failed to send CA Event for app launch measurements for ca_event_type: 0 event_name: com.apple.app_launch_measurement.FirstFramePresentationMetric
2026-10-05 16:38:53.023383+0000 Office[19982:57780] [General] Failed to send CA Event for app launch measurements for ca_event_type: 1 event_name: com.apple.app_launch_measurement.ExtendedLaunchMetrics
IOSurfaceClientSetSurfaceNotify failed e00002c7
2026-10-05 16:38:53.342140+0000 Office[19982:57046] fopen failed for data file: errno = 2 (No such file or directory)
2026-10-05 16:38:53.342278+0000 Office[19982:57046] Errors found! Invalidating cache...
2026-10-05 16:38:54.149468+0000 Office[19982:57046] fopen failed for data file: errno = 2 (No such file or directory)
2026-10-05 16:38:54.149790+0000 Office[19982:57046] Errors found! Invalidating cache...
2026-10-05 16:38:54.224100+0000 Office[19982:57046] [error] building pipeline stroke_lines-oia6pa8feba4 took 0.882041 seconds
Test Suite 'All tests' started at 2026-10-05 16:38:57.250.
Test Suite 'OfficeTests.xctest' started at 2026-10-05 16:38:57.251.
Test Suite 'CoreTests' started at 2026-10-05 16:38:57.251.
Test Case '-[OfficeTests.CoreTests testComposesAnHourFromTheEmbeddedCorpus]' started.
Test Case '-[OfficeTests.CoreTests testComposesAnHourFromTheEmbeddedCorpus]' passed (0.008 seconds).
Test Case '-[OfficeTests.CoreTests testTheCurrentHourFollowsTheWebSchedule]' started.
Test Case '-[OfficeTests.CoreTests testTheCurrentHourFollowsTheWebSchedule]' passed (0.001 seconds).
Test Case '-[OfficeTests.CoreTests testTheGapsFollowTheWebsRhythm]' started.
Test Case '-[OfficeTests.CoreTests testTheGapsFollowTheWebsRhythm]' passed (0.004 seconds).
Test Suite 'CoreTests' passed at 2026-10-05 16:38:57.265.
	 Executed 3 tests, with 0 failures (0 unexpected) in 0.012 (0.013) seconds
Test Suite 'PlaceTests' started at 2026-10-05 16:38:57.474.
Test Case '-[OfficeTests.PlaceTests testAPageOfTheSameKindReplacesTheOneShown]' started.
Test Case '-[OfficeTests.PlaceTests testAPageOfTheSameKindReplacesTheOneShown]' passed (0.008 seconds).
Test Case '-[OfficeTests.PlaceTests testCivilDatesStepAcrossMonths]' started.
Test Case '-[OfficeTests.PlaceTests testCivilDatesStepAcrossMonths]' passed (0.001 seconds).
Test Case '-[OfficeTests.PlaceTests testPagesRoundTripThroughSavedState]' started.
Test Case '-[OfficeTests.PlaceTests testPagesRoundTripThroughSavedState]' passed (0.001 seconds).
Test Suite 'PlaceTests' passed at 2026-10-05 16:38:57.484.
	 Executed 3 tests, with 0 failures (0 unexpected) in 0.009 (0.011) seconds
Test Suite 'ProseTests' started at 2026-10-05 16:38:57.485.
Test Case '-[OfficeTests.ProseTests testALongOpeningRunsBesideADeepInitial]' started.
Test Case '-[OfficeTests.ProseTests testALongOpeningRunsBesideADeepInitial]' passed (0.136 seconds).
Test Case '-[OfficeTests.ProseTests testAShortOpeningRaisesItsInitial]' started.
Test Case '-[OfficeTests.ProseTests testAShortOpeningRaisesItsInitial]' passed (0.002 seconds).
Test Case '-[OfficeTests.ProseTests testAShortPsalmOpeningElevatesItsInitial]' started.
Test Case '-[OfficeTests.ProseTests testAShortPsalmOpeningElevatesItsInitial]' passed (0.002 seconds).
Test Case '-[OfficeTests.ProseTests testEachHymnHasOneCentredColumn]' started.
Test Case '-[OfficeTests.ProseTests testEachHymnHasOneCentredColumn]' passed (0.005 seconds).
Test Case '-[OfficeTests.ProseTests testEveryLineBoxIsTheStylesLineHeight]' started.
Test Case '-[OfficeTests.ProseTests testEveryLineBoxIsTheStylesLineHeight]' passed (0.002 seconds).
Test Case '-[OfficeTests.ProseTests testTheSmallCapsTakeTheRestOfTheFirstWord]' started.
Test Case '-[OfficeTests.ProseTests testTheSmallCapsTakeTheRestOfTheFirstWord]' passed (1.833 seconds).
Test Suite 'ProseTests' passed at 2026-10-05 16:38:59.467.
	 Executed 6 tests, with 0 failures (0 unexpected) in 1.980 (1.983) seconds
Test Suite 'ReminderTests' started at 2026-10-05 16:38:59.468.
Test Case '-[OfficeTests.ReminderTests testEachReminderRingsItsLeadBeforeTheOffice]' started.
Test Case '-[OfficeTests.ReminderTests testEachReminderRingsItsLeadBeforeTheOffice]' passed (0.010 seconds).
Test Case '-[OfficeTests.ReminderTests testOnlyTheChosenDaysAndNothingWhenOff]' started.
Test Case '-[OfficeTests.ReminderTests testOnlyTheChosenDaysAndNothingWhenOff]' passed (0.001 seconds).
Test Case '-[OfficeTests.ReminderTests testTheScheduleStopsAtIOSsLimit]' started.
Test Case '-[OfficeTests.ReminderTests testTheScheduleStopsAtIOSsLimit]' passed (0.005 seconds).
Test Suite 'ReminderTests' passed at 2026-10-05 16:38:59.542.
	 Executed 3 tests, with 0 failures (0 unexpected) in 0.016 (0.074) seconds
Test Suite 'SVGTests' started at 2026-10-05 16:38:59.542.
Test Case '-[OfficeTests.SVGTests testArcsAndRelativeCommands]' started.
Test Case '-[OfficeTests.SVGTests testArcsAndRelativeCommands]' passed (0.002 seconds).
Test Case '-[OfficeTests.SVGTests testThePaintedMarksStandInTheirBoxes]' started.
Test Case '-[OfficeTests.SVGTests testThePaintedMarksStandInTheirBoxes]' passed (0.003 seconds).
Test Suite 'SVGTests' passed at 2026-10-05 16:38:59.549.
	 Executed 2 tests, with 0 failures (0 unexpected) in 0.005 (0.007) seconds
Test Suite 'SpokenTests' started at 2026-10-05 16:38:59.550.
Test Case '-[OfficeTests.SpokenTests testAPostureCueIsAnAside]' started.
Test Case '-[OfficeTests.SpokenTests testAPostureCueIsAnAside]' passed (0.092 seconds).
Test Case '-[OfficeTests.SpokenTests testSigilsAreNamedAndTheCrossIsSaid]' started.
Test Case '-[OfficeTests.SpokenTests testSigilsAreNamedAndTheCrossIsSaid]' passed (0.210 seconds).
Test Case '-[OfficeTests.SpokenTests testTheMarksForTheEyeAreSilent]' started.
Test Case '-[OfficeTests.SpokenTests testTheMarksForTheEyeAreSilent]' passed (0.324 seconds).
Test Suite 'SpokenTests' passed at 2026-10-05 16:39:00.178.
	 Executed 3 tests, with 0 failures (0 unexpected) in 0.626 (0.628) seconds
Test Suite 'UsageTests' started at 2026-10-05 16:39:00.178.
Test Case '-[OfficeTests.UsageTests testAFailedBeaconIsTriedAgainOnTheNextVisit]' started.
Test Case '-[OfficeTests.UsageTests testAFailedBeaconIsTriedAgainOnTheNextVisit]' passed (0.006 seconds).
Test Case '-[OfficeTests.UsageTests testDebugBuildsNeverReport]' started.
Test Case '-[OfficeTests.UsageTests testDebugBuildsNeverReport]' passed (0.002 seconds).
Test Case '-[OfficeTests.UsageTests testEachPageCountsOnceADay]' started.
Test Case '-[OfficeTests.UsageTests testEachPageCountsOnceADay]' passed (0.010 seconds).
Test Case '-[OfficeTests.UsageTests testTheArchiveIsNotCounted]' started.
Test Case '-[OfficeTests.UsageTests testTheArchiveIsNotCounted]' passed (2.452 seconds).
Test Case '-[OfficeTests.UsageTests testTheIdentifierLastsOneReportingDay]' started.
Test Case '-[OfficeTests.UsageTests testTheIdentifierLastsOneReportingDay]' passed (0.005 seconds).
Test Suite 'UsageTests' passed at 2026-10-05 16:39:02.656.
	 Executed 5 tests, with 0 failures (0 unexpected) in 2.475 (2.477) seconds
Test Suite 'OfficeTests.xctest' passed at 2026-10-05 16:39:02.656.
	 Executed 25 tests, with 0 failures (0 unexpected) in 5.125 (5.405) seconds
Test Suite 'All tests' passed at 2026-10-05 16:39:02.656.
	 Executed 25 tests, with 0 failures (0 unexpected) in 5.125 (5.407) seconds
2026-10-05 16:39:05.347 xcodebuild[2449:11110] [MT] IDETestOperationsObserverDebug: 505.405 elapsed -- Testing started completed.
2026-10-05 16:39:05.442 xcodebuild[2449:11110] [MT] IDETestOperationsObserverDebug: 0.000 sec, +0.000 sec -- start
2026-10-05 16:39:05.442 xcodebuild[2449:11110] [MT] IDETestOperationsObserverDebug: 505.406 sec, +505.406 sec -- end

Test session results, code coverage, and logs:
	/Users/runner/work/office/office/apps/ios/build/dd/Logs/Test/Test-Office-2026.10.05_16-29-57-+0000.xcresult

** TEST SUCCEEDED **

Testing started
